ID,Customer_ID,Category,Item,Price,Quantity,Total,Date,Payment_method
ORD_705844,CUST_092,"Side Dishes","Side Salad",3.0,1,3,2023-12-21,"CREDIT CARD"
ORD_338528,CUST_021,"Side Dishes","Mashed Potatoes",4.0,3,12,2023-05-19,"DIGITAL WALLET"
ORD_443849,CUST_029,"Main Dishes","Grilled Chicken",15.0,4,60,2023-09-27,"CREDIT CARD"
ORD_630508,CUST_075,Drinks,"Unknown Drink",2.169230769230769,2,5,2022-08-09,"CREDIT CARD"
ORD_648269,CUST_031,"Main Dishes","Pasta Alfredo",12.0,4,48,2022-05-15,CASH
ORD_381680,CUST_031,"Main Dishes",Salmon,18.0,5,90,2022-07-20,"DIGITAL WALLET"
ORD_270994,CUST_071,"Side Dishes","Garlic Bread",4.0,5,20,2022-08-19,"CREDIT CARD"
ORD_146656,CUST_077,"Main Dishes","Unknown Main Dish",15.0,3,45,2023-02-15,CASH
ORD_428611,CUST_083,Desserts,"Unknown Dessert",6.0,2,12,2023-12-16,CASH
ORD_743636,CUST_085,"Main Dishes","Vegetarian Platter",14.0,5,70,2022-08-07,Unknown
ORD_117003,CUST_021,Desserts,Brownie,6.0,2,12,2023-12-09,"CREDIT CARD"
ORD_726419,CUST_025,"Main Dishes",Salmon,18.0,5,90,2023-10-30,CASH
ORD_754176,CUST_047,"Main Dishes",Salmon,18.0,1,18,2023-04-11,CASH
ORD_330351,CUST_057,Starters,"Sweet Potato Fries",5.0,4,20,2023-08-18,"CREDIT CARD"
ORD_458560,CUST_017,"Side Dishes","Mashed Potatoes",4.0,3,12,2022-06-08,CASH
ORD_639569,CUST_024,Drinks,Lemonade,3.0,2,6,2022-08-28,CASH
ORD_736695,CUST_067,"Main Dishes","Grilled Chicken",15.0,3,45,2022-05-01,"DIGITAL WALLET"
ORD_283207,CUST_090,"Side Dishes","Side Salad",3.0,2,6,2023-09-01,"DIGITAL WALLET"
ORD_337802,CUST_034,Desserts,"Unknown Dessert",4.0,5,20,2022-11-13,"CREDIT CARD"
ORD_744179,CUST_009,Desserts,Brownie,6.0,3,18,2023-06-08,"CREDIT CARD"
ORD_845047,CUST_052,"Main Dishes","Vegetarian Platter",14.0,4,56,2023-02-21,"DIGITAL WALLET"
ORD_862247,CUST_071,"Side Dishes","Side Salad",3.0,4,12,2023-02-01,"CREDIT CARD"
ORD_356735,CUST_055,"Main Dishes",Salmon,18.0,4,72,2023-05-09,"CREDIT CARD"
ORD_333540,CUST_055,Drinks,"Orange Juice",3.0,4,12,2023-09-14,"DIGITAL WALLET"
ORD_415215,CUST_094,Desserts,"Chocolate Cake",6.0,5,30,2023-03-18,CASH
ORD_375110,CUST_041,Drinks,"Coca Cola",2.5,1,2.5,2023-05-18,"DIGITAL WALLET"
ORD_117414,CUST_055,"Side Dishes","Grilled Vegetables",5.0,4,20,2023-09-05,"CREDIT CARD"
ORD_918434,CUST_096,"Main Dishes","Vegetarian Platter",14.0,3,42,2022-02-02,"DIGITAL WALLET"
ORD_220701,CUST_040,Drinks,"Coca Cola",2.5,4,10,2023-07-30,"DIGITAL WALLET"
ORD_647762,CUST_021,"Main Dishes","Pasta Alfredo",12.0,1,12,2023-01-31,"CREDIT CARD"
ORD_427480,CUST_052,Starters,"Cheese Fries",5.0,1,5,2023-02-28,CASH
ORD_225136,CUST_008,Starters,"Cheese Fries",5.0,3,15,2022-11-19,CASH
ORD_791116,CUST_007,Desserts,"Chocolate Cake",6.0,4,24,2023-05-03,"DIGITAL WALLET"
ORD_418736,CUST_091,Starters,"Beef Chili",7.0,5,35,2023-04-20,CASH
ORD_438442,CUST_011,"Side Dishes","Grilled Vegetables",5.0,5,25,2023-09-18,"CREDIT CARD"
ORD_193762,CUST_028,"Main Dishes","Unknown Main Dish",18.0,5,90,2022-04-08,Unknown
ORD_300241,CUST_040,Starters,"Chicken Melt",8.0,4,32,2023-07-29,"CREDIT CARD"
ORD_130258,CUST_042,Desserts,Brownie,6.0,2,12,2023-10-16,CASH
ORD_893229,CUST_049,"Main Dishes","Pasta Alfredo",12.0,2,24,2022-02-09,CASH
ORD_175452,CUST_053,Drinks,Lemonade,3.0,3,9,2023-08-17,"DIGITAL WALLET"
ORD_280294,CUST_008,Desserts,"Fruit Salad",4.0,2,8,2022-04-13,"DIGITAL WALLET"
ORD_708630,CUST_081,"Main Dishes","Pasta Alfredo",12.0,1,12,2023-07-21,"CREDIT CARD"
ORD_479066,CUST_054,Starters,"French Fries",4.0,4,16,2023-12-03,"DIGITAL WALLET"
ORD_120337,CUST_093,"Main Dishes","Grilled Chicken",15.0,4,60,2023-09-16,"CREDIT CARD"
ORD_152465,CUST_071,Starters,"Chicken Melt",8.0,1,8,2023-02-11,CASH
ORD_108842,CUST_031,Starters,"Sweet Potato Fries",5.0,2,10,2023-02-05,"CREDIT CARD"
ORD_473682,CUST_014,Drinks,"Coca Cola",2.5,2,5,2022-01-16,"CREDIT CARD"
ORD_330617,CUST_088,Desserts,"Ice Cream",5.0,3,15,2023-11-21,CASH
ORD_155188,CUST_084,"Side Dishes","Mashed Potatoes",4.0,4,16,2022-10-08,"DIGITAL WALLET"
ORD_640883,CUST_057,Desserts,Cheesecake,7.0,1,7,2023-03-01,CASH
ORD_650189,CUST_013,Desserts,"Chocolate Cake",6.0,1,6,2023-05-23,CASH
ORD_782727,CUST_066,Starters,"Unknown Starter",4.0,4,16,2022-08-11,"DIGITAL WALLET"
ORD_625401,CUST_100,"Side Dishes","Mashed Potatoes",4.0,4,16,2022-08-03,CASH
ORD_418032,CUST_094,"Main Dishes","Grilled Chicken",15.0,3,45,2022-12-20,"CREDIT CARD"
ORD_763806,CUST_078,"Main Dishes","Grilled Chicken",15.0,2,30,2022-09-12,"CREDIT CARD"
ORD_578794,CUST_098,"Side Dishes","Grilled Vegetables",5.0,5,25,2022-06-24,CASH
ORD_208139,CUST_004,Desserts,Cheesecake,7.0,1,7,2023-08-04,CASH
ORD_864219,CUST_040,"Side Dishes","Mashed Potatoes",4.0,4,16,2022-03-11,"CREDIT CARD"
ORD_828507,CUST_090,Drinks,"Iced Tea",2.5,5,12.5,2023-09-28,"CREDIT CARD"
ORD_696101,CUST_035,"Side Dishes","Grilled Vegetables",5.0,2,10,2022-08-12,CASH
ORD_136075,CUST_080,Starters,"Chicken Melt",8.0,3,24,2023-01-23,"CREDIT CARD"
ORD_882768,CUST_020,Starters,"Sweet Potato Fries",5.0,2,10,2023-07-08,"CREDIT CARD"
ORD_237978,CUST_007,"Main Dishes","Pasta Alfredo",12.0,3,36,2022-12-07,CASH
ORD_728161,CUST_038,Starters,"Sweet Potato Fries",5.0,4,20,2023-08-01,"DIGITAL WALLET"
ORD_270218,CUST_037,"Main Dishes","Grilled Chicken",15.0,5,75,2023-06-30,"DIGITAL WALLET"
ORD_387616,CUST_085,"Main Dishes","Grilled Chicken",15.0,3,45,2022-05-27,CASH
ORD_205058,CUST_043,"Side Dishes","Mashed Potatoes",4.0,5,20,2022-04-07,"CREDIT CARD"
ORD_761221,CUST_034,Drinks,"Iced Tea",2.5,2,5,2022-10-02,CASH
ORD_514854,CUST_060,Drinks,"Orange Juice",3.0,2,6,2023-06-01,"CREDIT CARD"
ORD_727365,CUST_036,"Side Dishes","Garlic Bread",4.0,5,20,2023-05-24,"CREDIT CARD"
ORD_837763,CUST_042,"Side Dishes","Mashed Potatoes",4.0,4,16,2023-04-01,"DIGITAL WALLET"
ORD_176616,CUST_051,"Side Dishes","Garlic Bread",4.0,2,8,2023-01-19,CASH
ORD_805646,CUST_001,Starters,"French Fries",4.0,5,20,2022-08-18,CASH
ORD_771998,CUST_070,Drinks,Water,1.0,4,4,2022-01-11,Unknown
ORD_343882,CUST_020,"Side Dishes","Side Salad",3.0,5,15,2022-05-13,"CREDIT CARD"
ORD_444692,CUST_045,"Side Dishes","Side Salad",3.0,5,15,2022-07-15,CASH
ORD_500318,CUST_024,Starters,"Chicken Melt",8.0,5,40,2023-06-07,CASH
ORD_854529,CUST_096,Desserts,"Unknown Dessert",6.0,2,12,2022-07-08,"CREDIT CARD"
ORD_275854,CUST_033,Desserts,"Ice Cream",5.0,2,10,2022-10-28,"CREDIT CARD"
ORD_323443,CUST_041,Desserts,"Chocolate Cake",6.0,3,18,2022-09-15,CASH
ORD_877261,CUST_036,Drinks,"Coca Cola",2.5,1,2.5,2023-03-30,"CREDIT CARD"
ORD_170375,CUST_021,"Side Dishes","Side Salad",3.0,2,6,2023-04-13,"DIGITAL WALLET"
ORD_167858,CUST_056,"Side Dishes","Unknown Side Dish",4.048648648648649,5,25,2022-04-01,CASH
ORD_177847,CUST_066,"Side Dishes","Mashed Potatoes",4.0,3,12,2022-01-11,"DIGITAL WALLET"
ORD_539782,CUST_060,"Side Dishes","Grilled Vegetables",5.0,1,5,2022-03-28,"CREDIT CARD"
ORD_106904,CUST_082,Desserts,"Ice Cream",5.0,1,5,2022-11-13,"DIGITAL WALLET"
ORD_772436,CUST_031,Drinks,"Coca Cola",2.5,4,10,2023-01-28,"DIGITAL WALLET"
ORD_218145,CUST_005,"Side Dishes","Mashed Potatoes",4.0,4,16,2022-12-07,"CREDIT CARD"
ORD_440469,CUST_080,"Main Dishes","Pasta Alfredo",12.0,3,36,2022-11-14,CASH
ORD_104960,CUST_040,"Main Dishes","Pasta Alfredo",12.0,1,12,2022-07-27,"DIGITAL WALLET"
ORD_104466,CUST_050,Drinks,"Orange Juice",3.0,1,3,2022-05-25,CASH
ORD_631686,CUST_099,"Main Dishes","Pasta Alfredo",12.0,2,24,2022-10-02,"CREDIT CARD"
ORD_778015,CUST_089,"Main Dishes","Pasta Alfredo",12.0,1,12,2023-08-15,"CREDIT CARD"
ORD_301667,CUST_029,Desserts,Brownie,6.0,3,18,2023-09-01,"DIGITAL WALLET"
ORD_871279,CUST_045,"Main Dishes","Pasta Alfredo",12.0,5,60,2022-02-05,"DIGITAL WALLET"
ORD_302668,CUST_026,"Main Dishes","Grilled Chicken",15.0,3,45,2022-02-18,CASH
ORD_161991,CUST_048,Starters,"Beef Chili",7.0,5,35,2023-07-27,CASH
ORD_761978,CUST_056,"Main Dishes","Grilled Chicken",15.0,2,30,2023-03-10,"DIGITAL WALLET"
ORD_181882,CUST_062,Desserts,"Chocolate Cake",6.0,3,18,2023-05-10,CASH
ORD_696255,CUST_055,Starters,"Nachos Grande",10.0,1,10,2022-07-29,"DIGITAL WALLET"
ORD_749532,CUST_063,Drinks,Water,1.0,5,5,2023-02-26,"CREDIT CARD"
ORD_378802,CUST_094,"Side Dishes","Garlic Bread",4.0,4,16,2023-03-24,"DIGITAL WALLET"
ORD_537413,CUST_036,Starters,"Beef Chili",7.0,2,14,2023-08-22,"DIGITAL WALLET"
ORD_820759,CUST_034,Drinks,"Orange Juice",3.0,3,9,2023-03-09,"CREDIT CARD"
ORD_190938,CUST_038,Starters,"Beef Chili",7.0,2,14,2023-06-10,"DIGITAL WALLET"
ORD_490302,CUST_097,"Main Dishes","Pasta Alfredo",12.0,3,36,2023-10-29,CASH
ORD_322835,CUST_012,Drinks,"Orange Juice",3.0,1,3,2022-10-14,CASH
ORD_361022,CUST_068,Drinks,"Coca Cola",2.5,5,12.5,2023-11-26,Unknown
ORD_991912,CUST_019,Drinks,"Iced Tea",2.5,5,12.5,2022-03-24,CASH
ORD_396448,CUST_074,Drinks,Water,1.0,2,2,2023-11-22,"CREDIT CARD"
ORD_515941,CUST_095,Starters,"French Fries",4.0,5,20,2023-01-21,"DIGITAL WALLET"
ORD_289733,CUST_057,Drinks,"Unknown Drink",2.169230769230769,5,5,2022-01-05,Unknown
ORD_684439,CUST_068,Starters,"Cheese Fries",5.0,1,5,2023-05-26,CASH
ORD_904504,CUST_093,"Side Dishes","Grilled Vegetables",5.0,4,20,2022-09-29,CASH
ORD_560561,CUST_013,"Side Dishes","Onion Rings",5.0,1,5,2022-05-30,"DIGITAL WALLET"
ORD_165348,CUST_073,Desserts,"Ice Cream",5.0,4,20,2023-09-01,CASH
ORD_110621,CUST_061,Drinks,"Iced Tea",2.5,2,5,2023-02-13,"DIGITAL WALLET"
ORD_142238,CUST_082,"Side Dishes","Grilled Vegetables",5.0,4,20,2022-12-31,"CREDIT CARD"
ORD_356583,CUST_037,Desserts,"Ice Cream",5.0,2,10,2022-12-09,"CREDIT CARD"
ORD_357330,CUST_023,"Main Dishes","Grilled Chicken",15.0,5,75,2022-01-01,"DIGITAL WALLET"
ORD_363522,CUST_070,Starters,"Unknown Starter",5.7947019867549665,1,8,2023-05-07,"CREDIT CARD"
ORD_167242,CUST_050,Desserts,"Unknown Dessert",6.0,3,18,2023-11-10,"DIGITAL WALLET"
ORD_298049,CUST_013,Drinks,"Orange Juice",3.0,4,12,2023-04-03,"CREDIT CARD"
ORD_439041,CUST_029,"Main Dishes",Steak,20.0,3,60,2022-12-24,"DIGITAL WALLET"
ORD_714187,CUST_026,Desserts,"Chocolate Cake",6.0,3,18,2022-11-22,"DIGITAL WALLET"
ORD_719718,CUST_037,Desserts,Brownie,6.0,2,12,2023-04-19,CASH
ORD_333412,CUST_089,"Main Dishes","Pasta Alfredo",12.0,5,60,2022-01-06,"DIGITAL WALLET"
ORD_809926,CUST_034,Starters,"Cheese Fries",5.0,3,15,2022-04-13,CASH
ORD_100517,CUST_074,Starters,"Chicken Melt",8.0,5,40,2023-05-23,"CREDIT CARD"
ORD_203174,CUST_094,Desserts,"Fruit Salad",4.0,3,12,2022-08-09,"CREDIT CARD"
ORD_363633,CUST_076,"Side Dishes","Garlic Bread",4.0,5,20,2023-04-22,"CREDIT CARD"
ORD_369689,CUST_058,Starters,"Sweet Potato Fries",5.0,1,5,2022-12-28,CASH
ORD_150300,CUST_011,Desserts,"Fruit Salad",4.0,1,4,2022-03-27,"DIGITAL WALLET"
ORD_838505,CUST_029,Desserts,"Chocolate Cake",6.0,1,6,2023-07-27,CASH
ORD_626227,CUST_038,Desserts,"Ice Cream",5.0,1,5,2022-03-04,"CREDIT CARD"
ORD_410162,CUST_054,Starters,"Cheese Fries",5.0,2,10,2023-03-29,"DIGITAL WALLET"
ORD_540613,CUST_042,Drinks,Lemonade,3.0,5,15,2023-06-18,"DIGITAL WALLET"
ORD_715554,CUST_029,"Side Dishes","Side Salad",3.0,2,6,2022-06-02,"CREDIT CARD"
ORD_868890,CUST_007,"Main Dishes","Unknown Main Dish",12.0,1,12,2022-10-28,"DIGITAL WALLET"
ORD_199989,CUST_068,Starters,"Chicken Melt",8.0,5,40,2022-10-27,"CREDIT CARD"
ORD_893713,CUST_089,"Side Dishes","Grilled Vegetables",5.0,5,25,2022-09-22,"DIGITAL WALLET"
ORD_780854,CUST_097,"Side Dishes","Side Salad",3.0,3,9,2022-10-01,"DIGITAL WALLET"
ORD_389349,CUST_028,Starters,"French Fries",4.0,4,16,2023-06-07,CASH
ORD_499199,CUST_079,Desserts,"Unknown Dessert",5.41340782122905,5,25,2022-02-12,"DIGITAL WALLET"
ORD_102108,CUST_049,Drinks,"Unknown Drink",2.5,3,7.5,2022-08-15,Unknown
ORD_299419,CUST_061,"Main Dishes","Vegetarian Platter",14.0,5,70,2022-04-24,CASH
ORD_386546,CUST_093,"Main Dishes",Steak,20.0,3,60,2023-04-10,"DIGITAL WALLET"
ORD_932686,CUST_070,Drinks,Lemonade,3.0,2,6,2022-06-28,"DIGITAL WALLET"
ORD_443479,CUST_099,Desserts,"Ice Cream",5.0,4,20,2022-06-22,CASH
ORD_232289,CUST_096,Desserts,Brownie,6.0,4,24,2022-11-14,"CREDIT CARD"
ORD_167843,CUST_034,Drinks,Lemonade,3.0,5,15,2023-12-25,"CREDIT CARD"
ORD_970834,CUST_008,Desserts,Cheesecake,7.0,4,28,2023-03-14,CASH
ORD_731848,CUST_067,Drinks,"Coca Cola",2.5,2,5,2023-11-11,"DIGITAL WALLET"
ORD_999772,CUST_017,"Main Dishes",Salmon,18.0,2,36,2023-02-08,"CREDIT CARD"
ORD_728803,CUST_075,"Side Dishes","Grilled Vegetables",5.0,5,25,2022-08-06,"CREDIT CARD"
ORD_412456,CUST_002,"Main Dishes","Grilled Chicken",15.0,4,60,2023-12-11,"DIGITAL WALLET"
ORD_118449,CUST_018,Starters,"Beef Chili",7.0,5,35,2022-07-13,"CREDIT CARD"
ORD_436035,CUST_028,"Main Dishes","Vegetarian Platter",14.0,5,70,2023-12-08,CASH
ORD_857634,CUST_051,"Side Dishes","Unknown Side Dish",4.0,5,20,2022-06-13,"CREDIT CARD"
ORD_368238,CUST_086,Drinks,"Unknown Drink",1.0,3,3,2023-10-15,CASH
ORD_888237,CUST_053,Starters,"Nachos Grande",10.0,5,50,2023-02-07,"CREDIT CARD"
ORD_970805,CUST_051,"Side Dishes","Side Salad",3.0,3,9,2022-02-26,"DIGITAL WALLET"
ORD_869228,CUST_099,Drinks,Water,1.0,3,3,2022-12-05,"CREDIT CARD"
ORD_144043,CUST_004,"Side Dishes","Side Salad",3.0,4,12,2022-07-22,"DIGITAL WALLET"
ORD_572727,CUST_099,"Side Dishes","Onion Rings",5.0,1,5,2023-06-11,CASH
ORD_616642,CUST_043,"Side Dishes","Grilled Vegetables",5.0,1,5,2023-07-16,CASH
ORD_132964,CUST_077,"Side Dishes","Mashed Potatoes",4.0,2,8,2023-12-07,CASH
ORD_764058,CUST_043,"Main Dishes","Grilled Chicken",15.0,3,45,2023-05-21,"DIGITAL WALLET"
ORD_387901,CUST_029,Desserts,"Ice Cream",5.0,5,25,2022-06-16,CASH
ORD_818249,CUST_027,"Side Dishes","Grilled Vegetables",5.0,5,25,2022-04-16,"CREDIT CARD"
ORD_732450,CUST_004,"Side Dishes","Side Salad",3.0,4,12,2022-12-19,CASH
ORD_827783,CUST_081,Drinks,Lemonade,3.0,2,6,2023-06-25,Unknown
ORD_609102,CUST_074,Drinks,"Iced Tea",2.5,5,12.5,2022-10-13,CASH
ORD_649423,CUST_093,Starters,"French Fries",4.0,1,4,2023-09-05,"DIGITAL WALLET"
ORD_786734,CUST_050,Desserts,"Chocolate Cake",6.0,3,18,2022-10-16,"CREDIT CARD"
ORD_955347,CUST_022,Starters,"Cheese Fries",5.0,3,15,2023-02-03,"CREDIT CARD"
ORD_921409,CUST_042,"Side Dishes","Garlic Bread",4.0,1,4,2023-10-11,"DIGITAL WALLET"
ORD_791067,CUST_052,Desserts,"Fruit Salad",4.0,3,12,2023-04-10,"CREDIT CARD"
ORD_433088,CUST_019,Desserts,"Ice Cream",5.0,5,25,2023-07-08,CASH
ORD_816679,CUST_023,Starters,"French Fries",4.0,5,20,2022-08-03,"CREDIT CARD"
ORD_669233,CUST_013,Drinks,"Orange Juice",3.0,5,15,2022-11-17,"CREDIT CARD"
ORD_573239,CUST_001,Drinks,Water,1.0,2,2,2022-09-10,"DIGITAL WALLET"
ORD_771190,CUST_059,"Main Dishes","Pasta Alfredo",12.0,5,60,2023-09-08,Unknown
ORD_479445,CUST_083,Starters,"Unknown Starter",4.0,3,12,2023-11-27,CASH
ORD_589811,CUST_002,Starters,"Cheese Fries",5.0,5,25,2022-05-03,"CREDIT CARD"
ORD_794099,CUST_045,"Main Dishes",Steak,20.0,3,60,2022-09-26,CASH
ORD_735135,CUST_033,"Side Dishes","Mashed Potatoes",4.0,1,4,2022-05-28,"DIGITAL WALLET"
ORD_711010,CUST_062,"Side Dishes","Unknown Side Dish",5.0,1,5,2022-05-11,"DIGITAL WALLET"
ORD_729374,CUST_085,Starters,"French Fries",4.0,4,16,2022-04-07,CASH
ORD_999939,CUST_033,"Side Dishes","Mashed Potatoes",4.0,3,12,2022-11-26,"DIGITAL WALLET"
ORD_153415,CUST_063,"Main Dishes","Pasta Alfredo",12.0,3,36,2022-04-12,"DIGITAL WALLET"
ORD_224730,CUST_026,Desserts,"Chocolate Cake",6.0,5,30,2023-12-14,"DIGITAL WALLET"
ORD_930569,CUST_036,Starters,"Cheese Fries",5.0,3,15,2022-09-16,"DIGITAL WALLET"
ORD_321522,CUST_001,"Side Dishes","Mashed Potatoes",4.0,2,8,2022-11-20,CASH
ORD_359077,CUST_010,Drinks,Lemonade,3.0,2,6,2023-05-27,"CREDIT CARD"
ORD_546027,CUST_092,Desserts,"Chocolate Cake",6.0,4,24,2022-09-03,"DIGITAL WALLET"
ORD_642702,CUST_082,Desserts,Brownie,6.0,2,12,2023-06-22,"CREDIT CARD"
ORD_217030,CUST_021,Starters,"Chicken Melt",8.0,4,32,2023-05-28,CASH
ORD_206617,CUST_057,Starters,"Sweet Potato Fries",5.0,3,15,2022-12-06,CASH
ORD_211904,CUST_093,"Side Dishes","Garlic Bread",4.0,3,12,2022-04-29,CASH
ORD_907068,CUST_090,"Side Dishes","Mashed Potatoes",4.0,2,8,2022-03-18,CASH
ORD_566939,CUST_076,Desserts,"Fruit Salad",4.0,5,20,2022-04-11,"DIGITAL WALLET"
ORD_204681,CUST_038,"Main Dishes",Steak,20.0,3,60,2022-07-04,"DIGITAL WALLET"
ORD_986358,CUST_017,"Main Dishes",Salmon,18.0,2,36,2022-10-01,"CREDIT CARD"
ORD_230233,CUST_088,Desserts,"Fruit Salad",4.0,2,8,2023-02-13,CASH
ORD_455253,CUST_095,"Side Dishes","Mashed Potatoes",4.0,5,20,2023-08-04,CASH
ORD_308575,CUST_075,Desserts,"Unknown Dessert",5.0,2,10,2023-01-06,CASH
ORD_929630,CUST_061,Desserts,"Fruit Salad",4.0,3,12,2023-09-14,"CREDIT CARD"
ORD_718213,CUST_021,"Side Dishes","Side Salad",3.0,5,15,2022-05-14,CASH
ORD_101531,CUST_095,Desserts,Brownie,6.0,4,24,2022-12-14,"CREDIT CARD"
ORD_952936,CUST_075,Drinks,"Orange Juice",3.0,1,3,2022-07-01,CASH
ORD_979463,CUST_066,"Main Dishes","Grilled Chicken",15.0,2,30,2022-10-03,"DIGITAL WALLET"
ORD_192273,CUST_015,"Main Dishes",Steak,20.0,4,80,2023-05-26,Unknown
ORD_921148,CUST_051,Desserts,Cheesecake,7.0,3,21,2023-10-25,CASH
ORD_147356,CUST_081,Starters,"Chicken Melt",8.0,5,40,2022-03-13,"DIGITAL WALLET"
ORD_588485,CUST_028,"Main Dishes","Grilled Chicken",15.0,3,45,2023-04-27,"DIGITAL WALLET"
ORD_495079,CUST_081,"Side Dishes","Side Salad",3.0,1,3,2023-05-06,"CREDIT CARD"
ORD_535705,CUST_051,Drinks,Lemonade,3.0,2,6,2022-11-19,CASH
ORD_242945,CUST_004,Drinks,Water,1.0,5,5,2023-02-26,"DIGITAL WALLET"
ORD_542737,CUST_021,Desserts,"Chocolate Cake",6.0,3,18,2023-01-09,"CREDIT CARD"
ORD_976297,CUST_054,"Side Dishes","Side Salad",3.0,1,3,2022-06-13,"DIGITAL WALLET"
ORD_943942,CUST_068,"Main Dishes","Pasta Alfredo",12.0,4,48,2022-06-27,Unknown
ORD_716723,CUST_020,Desserts,"Ice Cream",5.0,1,5,2023-02-19,"CREDIT CARD"
ORD_326441,CUST_048,Starters,"Unknown Starter",7.0,3,21,2023-03-11,"CREDIT CARD"
ORD_210399,CUST_049,Drinks,"Coca Cola",2.5,2,5,2022-06-20,CASH
ORD_189902,CUST_052,"Side Dishes","Side Salad",3.0,5,15,2023-04-18,CASH
ORD_671854,CUST_055,"Main Dishes","Vegetarian Platter",14.0,4,56,2023-04-13,"DIGITAL WALLET"
ORD_181592,CUST_051,Drinks,"Iced Tea",2.5,2,5,2022-03-23,CASH
ORD_303135,CUST_079,"Main Dishes",Steak,20.0,5,100,2023-03-19,"DIGITAL WALLET"
ORD_808844,CUST_054,"Side Dishes","Garlic Bread",4.0,1,4,2023-06-29,"DIGITAL WALLET"
ORD_492853,CUST_089,Desserts,"Ice Cream",5.0,4,20,2022-11-16,"DIGITAL WALLET"
ORD_169003,CUST_097,Drinks,Lemonade,3.0,4,12,2022-02-07,"CREDIT CARD"
ORD_851224,CUST_048,Drinks,"Unknown Drink",1.0,1,1,2022-04-01,"CREDIT CARD"
ORD_437986,CUST_028,"Main Dishes","Pasta Alfredo",12.0,5,60,2022-02-14,CASH
ORD_997286,CUST_072,Desserts,"Ice Cream",5.0,4,20,2023-01-18,CASH
ORD_800141,CUST_097,"Main Dishes","Pasta Alfredo",12.0,3,36,2022-08-31,"DIGITAL WALLET"
ORD_215360,CUST_081,Starters,"French Fries",4.0,5,20,2023-01-20,CASH
ORD_238918,CUST_061,"Main Dishes","Pasta Alfredo",12.0,4,48,2022-11-29,"CREDIT CARD"
ORD_216970,CUST_096,"Side Dishes","Onion Rings",5.0,2,10,2023-10-30,CASH
ORD_825071,CUST_006,Drinks,"Coca Cola",2.5,3,7.5,2022-07-06,"CREDIT CARD"
ORD_927639,CUST_064,"Side Dishes","Grilled Vegetables",5.0,1,5,2023-07-06,"CREDIT CARD"
ORD_900637,CUST_088,Starters,"Nachos Grande",10.0,1,10,2023-12-11,"DIGITAL WALLET"
ORD_970600,CUST_045,"Side Dishes","Garlic Bread",4.0,4,16,2023-02-18,"CREDIT CARD"
ORD_421611,CUST_091,Starters,"Cheese Fries",5.0,3,15,2023-04-15,CASH
ORD_731287,CUST_092,"Main Dishes",Steak,20.0,5,100,2022-11-28,"DIGITAL WALLET"
ORD_483601,CUST_018,Starters,"Beef Chili",7.0,5,35,2023-09-26,CASH
ORD_784521,CUST_077,"Main Dishes","Grilled Chicken",15.0,5,75,2023-11-20,"DIGITAL WALLET"
ORD_729397,CUST_059,"Main Dishes","Pasta Alfredo",12.0,4,48,2023-09-12,CASH
ORD_433812,CUST_010,"Side Dishes","Mashed Potatoes",4.0,5,20,2023-02-04,CASH
ORD_912334,CUST_082,Desserts,"Ice Cream",5.0,3,15,2022-11-23,CASH
ORD_430233,CUST_074,Starters,"Unknown Starter",7.0,5,35,2023-02-13,Unknown
ORD_848123,CUST_042,"Main Dishes","Vegetarian Platter",14.0,2,28,2022-03-15,CASH
ORD_401277,CUST_060,Drinks,Lemonade,3.0,1,3,2023-08-14,"CREDIT CARD"
ORD_935920,CUST_043,"Side Dishes","Onion Rings",5.0,2,10,2023-02-23,CASH
ORD_973483,CUST_007,Desserts,Cheesecake,7.0,1,7,2022-10-21,"DIGITAL WALLET"
ORD_646583,CUST_093,"Main Dishes",Steak,20.0,3,60,2022-05-03,"DIGITAL WALLET"
ORD_479519,CUST_001,Desserts,"Chocolate Cake",6.0,1,6,2023-10-30,"DIGITAL WALLET"
ORD_375008,CUST_069,Desserts,"Ice Cream",5.0,2,10,2023-05-28,"DIGITAL WALLET"
ORD_617442,CUST_029,Starters,"Sweet Potato Fries",5.0,4,20,2023-04-12,"CREDIT CARD"
ORD_349597,CUST_053,Starters,"French Fries",4.0,5,20,2022-05-26,CASH
ORD_918766,CUST_028,Drinks,"Orange Juice",3.0,3,9,2023-05-31,"CREDIT CARD"
ORD_830679,CUST_100,"Main Dishes","Vegetarian Platter",14.0,2,28,2023-11-15,CASH
ORD_878124,CUST_063,Desserts,"Fruit Salad",4.0,5,20,2022-06-21,CASH
ORD_332442,CUST_088,Starters,"Sweet Potato Fries",5.0,2,10,2022-05-03,"DIGITAL WALLET"
ORD_934568,CUST_099,"Main Dishes","Vegetarian Platter",14.0,1,14,2023-12-08,Unknown
ORD_777875,CUST_013,Starters,"Chicken Melt",8.0,5,40,2022-05-05,"CREDIT CARD"
ORD_119571,CUST_100,"Main Dishes","Grilled Chicken",15.0,1,15,2023-06-05,"DIGITAL WALLET"
ORD_251132,CUST_025,Desserts,"Unknown Dessert",5.41340782122905,2,12,2023-03-27,"CREDIT CARD"
ORD_186913,CUST_052,"Main Dishes","Pasta Alfredo",12.0,5,60,2022-10-05,CASH
ORD_378152,CUST_030,Starters,"French Fries",4.0,4,16,2023-09-30,"CREDIT CARD"
ORD_888058,CUST_065,"Main Dishes","Pasta Alfredo",12.0,4,48,2023-02-15,CASH
ORD_402791,CUST_064,"Main Dishes",Salmon,18.0,3,54,2023-07-06,"DIGITAL WALLET"
ORD_918730,CUST_049,Starters,"French Fries",4.0,4,16,2023-11-25,"DIGITAL WALLET"
ORD_585011,CUST_079,Drinks,Water,1.0,5,5,2023-06-11,CASH
ORD_536702,CUST_023,Desserts,"Chocolate Cake",6.0,4,24,2022-08-28,CASH
ORD_748454,CUST_019,Desserts,"Fruit Salad",4.0,4,16,2022-01-31,"DIGITAL WALLET"
ORD_497367,CUST_084,Desserts,"Chocolate Cake",6.0,1,6,2023-01-04,CASH
ORD_722338,CUST_047,"Main Dishes",Salmon,18.0,4,72,2023-11-05,"DIGITAL WALLET"
ORD_945648,CUST_094,"Side Dishes","Side Salad",3.0,3,9,2022-08-29,CASH
ORD_280727,CUST_044,"Main Dishes","Grilled Chicken",15.0,1,15,2023-04-25,"CREDIT CARD"
ORD_939070,CUST_046,Desserts,"Chocolate Cake",6.0,5,30,2023-09-22,CASH
ORD_776645,CUST_043,Starters,"Nachos Grande",10.0,3,30,2023-09-01,CASH
ORD_312351,CUST_096,Starters,"Cheese Fries",5.0,1,5,2023-09-12,"DIGITAL WALLET"
ORD_711143,CUST_022,"Main Dishes","Vegetarian Platter",14.0,4,56,2023-11-26,"CREDIT CARD"
ORD_194468,CUST_076,Desserts,"Fruit Salad",4.0,2,8,2023-07-07,CASH
ORD_294518,CUST_081,Drinks,Water,1.0,1,1,2022-10-11,"CREDIT CARD"
ORD_989073,CUST_072,Starters,"Cheese Fries",5.0,3,15,2023-05-05,CASH
ORD_296748,CUST_072,"Main Dishes","Unknown Main Dish",14.883720930232558,5,90,2023-01-21,CASH
ORD_191437,CUST_088,Drinks,"Orange Juice",3.0,3,9,2022-05-14,CASH
ORD_195922,CUST_042,Desserts,"Ice Cream",5.0,5,25,2023-10-20,"DIGITAL WALLET"
ORD_259649,CUST_055,"Side Dishes","Side Salad",3.0,3,9,2022-03-29,"CREDIT CARD"
ORD_867236,CUST_091,"Main Dishes","Unknown Main Dish",15.0,3,45,2023-06-10,Unknown
ORD_140667,CUST_009,Drinks,"Orange Juice",3.0,3,9,2023-07-25,"DIGITAL WALLET"
ORD_625602,CUST_055,"Main Dishes","Grilled Chicken",15.0,3,45,2022-05-08,CASH
ORD_398973,CUST_039,"Main Dishes","Vegetarian Platter",14.0,5,70,2023-02-18,"DIGITAL WALLET"
ORD_569137,CUST_018,"Side Dishes","Mashed Potatoes",4.0,4,16,2022-09-09,CASH
ORD_900102,CUST_026,Starters,"Sweet Potato Fries",5.0,5,25,2023-07-13,"CREDIT CARD"
ORD_530791,CUST_038,Drinks,"Unknown Drink",2.169230769230769,2,5,2023-06-12,"DIGITAL WALLET"
ORD_226710,CUST_017,"Main Dishes","Pasta Alfredo",12.0,3,36,2023-08-04,CASH
ORD_680118,CUST_073,Starters,"Cheese Fries",5.0,3,15,2023-11-15,"DIGITAL WALLET"
ORD_743893,CUST_091,Starters,"French Fries",4.0,4,16,2023-10-06,CASH
ORD_202624,CUST_042,"Side Dishes","Garlic Bread",4.0,3,12,2023-08-01,CASH
ORD_733347,CUST_080,Desserts,Brownie,6.0,2,12,2022-11-07,"DIGITAL WALLET"
ORD_897357,CUST_005,"Side Dishes","Side Salad",3.0,2,6,2022-12-08,"CREDIT CARD"
ORD_582762,CUST_044,"Main Dishes","Pasta Alfredo",12.0,3,36,2022-10-20,CASH
ORD_633778,CUST_025,"Side Dishes","Grilled Vegetables",5.0,5,25,2023-04-13,CASH
ORD_639377,CUST_094,"Main Dishes","Vegetarian Platter",14.0,4,56,2022-04-22,Unknown
ORD_908926,CUST_084,Desserts,Cheesecake,7.0,1,7,2022-08-29,"CREDIT CARD"
ORD_814224,CUST_095,Drinks,Water,1.0,3,3,2022-11-06,"CREDIT CARD"
ORD_383544,CUST_003,"Main Dishes","Vegetarian Platter",14.0,3,42,2023-06-22,"DIGITAL WALLET"
ORD_390792,CUST_078,Starters,"Unknown Starter",4.0,3,12,2023-04-20,"CREDIT CARD"
ORD_280182,CUST_048,"Side Dishes","Side Salad",3.0,4,12,2023-12-30,"CREDIT CARD"
ORD_876230,CUST_079,"Side Dishes","Grilled Vegetables",5.0,2,10,2022-04-15,CASH
ORD_244781,CUST_025,"Side Dishes","Mashed Potatoes",4.0,4,16,2022-12-11,"DIGITAL WALLET"
ORD_923148,CUST_091,"Side Dishes","Side Salad",3.0,2,6,2022-07-26,CASH
ORD_234012,CUST_023,"Side Dishes","Side Salad",3.0,5,15,2023-01-16,"DIGITAL WALLET"
ORD_496176,CUST_079,"Side Dishes","Side Salad",3.0,2,6,2023-08-12,CASH
ORD_622626,CUST_084,Desserts,"Fruit Salad",4.0,3,12,2023-08-28,"CREDIT CARD"
ORD_179480,CUST_080,"Main Dishes","Grilled Chicken",15.0,5,75,2022-10-05,"DIGITAL WALLET"
ORD_396122,CUST_030,"Main Dishes","Pasta Alfredo",12.0,3,36,2023-06-19,"CREDIT CARD"
ORD_289378,CUST_021,Desserts,"Chocolate Cake",6.0,5,30,2022-01-18,Unknown
ORD_568411,CUST_052,"Side Dishes","Garlic Bread",4.0,2,8,2023-02-15,"DIGITAL WALLET"
ORD_913326,CUST_100,Desserts,"Chocolate Cake",6.0,4,24,2023-10-22,CASH
ORD_699369,CUST_038,"Main Dishes","Grilled Chicken",15.0,3,45,2022-03-26,"DIGITAL WALLET"
ORD_461740,CUST_074,"Side Dishes","Grilled Vegetables",5.0,4,20,2023-09-03,"CREDIT CARD"
ORD_917500,CUST_006,"Side Dishes","Mashed Potatoes",4.0,4,16,2022-05-22,CASH
ORD_357000,CUST_044,"Side Dishes","Side Salad",3.0,4,12,2023-08-25,"CREDIT CARD"
ORD_443854,CUST_058,Starters,"Sweet Potato Fries",5.0,2,10,2022-09-09,CASH
ORD_740325,CUST_068,Starters,"Cheese Fries",5.0,2,10,2022-10-23,CASH
ORD_867600,CUST_014,Drinks,"Orange Juice",3.0,5,15,2022-08-12,"CREDIT CARD"
ORD_935840,CUST_083,Drinks,"Orange Juice",3.0,1,3,2022-05-29,"DIGITAL WALLET"
ORD_240053,CUST_021,"Side Dishes","Grilled Vegetables",5.0,4,20,2023-09-28,CASH
ORD_486424,CUST_001,Drinks,"Orange Juice",3.0,1,3,2023-11-14,"CREDIT CARD"
ORD_195151,CUST_070,Drinks,"Coca Cola",2.5,1,2.5,2022-05-26,"DIGITAL WALLET"
ORD_955259,CUST_005,Drinks,"Orange Juice",3.0,4,12,2022-03-21,CASH
ORD_900813,CUST_016,Starters,"Beef Chili",7.0,2,14,2022-11-26,"CREDIT CARD"
ORD_333576,CUST_033,Desserts,"Chocolate Cake",6.0,2,12,2022-03-25,"DIGITAL WALLET"
ORD_329688,CUST_045,"Side Dishes","Grilled Vegetables",5.0,4,20,2022-10-14,"DIGITAL WALLET"
ORD_171314,CUST_100,"Side Dishes","Side Salad",3.0,3,9,2022-08-12,"DIGITAL WALLET"
ORD_390821,CUST_090,"Main Dishes","Grilled Chicken",15.0,5,75,2023-07-01,CASH
ORD_455808,CUST_024,Desserts,Brownie,6.0,3,18,2022-03-23,Unknown
ORD_986312,CUST_095,"Side Dishes","Mashed Potatoes",4.0,5,20,2023-11-19,"CREDIT CARD"
ORD_648204,CUST_003,Starters,"Chicken Melt",8.0,1,8,2023-05-19,"CREDIT CARD"
ORD_492686,CUST_067,Desserts,"Fruit Salad",4.0,4,16,2022-10-12,"CREDIT CARD"
ORD_428200,CUST_098,Drinks,"Coca Cola",2.5,1,2.5,2022-01-24,CASH
ORD_470821,CUST_035,"Side Dishes","Garlic Bread",4.0,5,20,2022-12-28,"CREDIT CARD"
ORD_315043,CUST_077,"Side Dishes","Unknown Side Dish",3.0,3,9,2023-09-14,"CREDIT CARD"
ORD_163543,CUST_086,Desserts,"Fruit Salad",4.0,1,4,2022-09-12,Unknown
ORD_765321,CUST_089,Starters,"Cheese Fries",5.0,4,20,2022-01-31,"DIGITAL WALLET"
ORD_938311,CUST_073,"Main Dishes","Unknown Main Dish",14.883720930232558,4,80,2023-08-10,Unknown
ORD_799027,CUST_057,"Main Dishes","Grilled Chicken",15.0,5,75,2023-09-19,"DIGITAL WALLET"
ORD_165522,CUST_066,"Main Dishes","Grilled Chicken",15.0,2,30,2022-03-13,"DIGITAL WALLET"
ORD_972839,CUST_057,"Side Dishes","Side Salad",3.0,5,15,2022-01-29,"CREDIT CARD"
ORD_329885,CUST_092,"Side Dishes","Unknown Side Dish",3.0,5,15,2022-07-17,CASH
ORD_238689,CUST_004,Desserts,"Unknown Dessert",5.0,1,5,2023-06-28,"DIGITAL WALLET"
ORD_386808,CUST_095,Drinks,Water,1.0,1,1,2022-05-24,CASH
ORD_701330,CUST_026,Drinks,Water,1.0,4,4,2022-01-15,"DIGITAL WALLET"
ORD_211889,CUST_031,Desserts,Cheesecake,7.0,3,21,2023-10-24,"DIGITAL WALLET"
ORD_513034,CUST_034,"Side Dishes","Side Salad",3.0,5,15,2023-11-09,CASH
ORD_365262,CUST_013,Drinks,Water,1.0,1,1,2023-11-13,"DIGITAL WALLET"
ORD_198915,CUST_015,"Side Dishes","Unknown Side Dish",4.0,5,20,2022-09-29,"CREDIT CARD"
ORD_808215,CUST_100,Drinks,"Coca Cola",2.5,3,7.5,2023-09-26,"CREDIT CARD"
ORD_195518,CUST_043,"Main Dishes","Vegetarian Platter",14.0,5,70,2023-08-18,CASH
ORD_869184,CUST_033,Drinks,"Iced Tea",2.5,5,12.5,2023-02-12,"DIGITAL WALLET"
ORD_200503,CUST_008,Drinks,"Orange Juice",3.0,4,12,2023-09-24,"CREDIT CARD"
ORD_598156,CUST_011,Starters,"Cheese Fries",5.0,5,25,2023-07-23,CASH
ORD_679564,CUST_094,Drinks,Water,1.0,4,4,2022-09-02,"CREDIT CARD"
ORD_307537,CUST_076,Desserts,"Chocolate Cake",6.0,2,12,2022-12-29,Unknown
ORD_802207,CUST_007,"Main Dishes","Grilled Chicken",15.0,3,45,2022-03-13,CASH
ORD_629357,CUST_096,Desserts,"Chocolate Cake",6.0,4,24,2023-09-29,"DIGITAL WALLET"
ORD_148477,CUST_096,"Main Dishes","Grilled Chicken",15.0,2,30,2022-05-15,"CREDIT CARD"
ORD_980896,CUST_049,Starters,"Nachos Grande",10.0,5,50,2023-05-04,CASH
ORD_859982,CUST_065,Drinks,Lemonade,3.0,4,12,2022-04-20,CASH
ORD_877414,CUST_049,"Main Dishes","Vegetarian Platter",14.0,1,14,2022-12-21,CASH
ORD_974595,CUST_080,"Main Dishes","Vegetarian Platter",14.0,4,56,2023-09-03,"CREDIT CARD"
ORD_687076,CUST_041,"Main Dishes",Salmon,18.0,5,90,2022-07-09,CASH
ORD_293387,CUST_074,"Main Dishes","Vegetarian Platter",14.0,1,14,2022-11-06,"DIGITAL WALLET"
ORD_816667,CUST_023,"Main Dishes",Steak,20.0,5,100,2023-05-18,CASH
ORD_915183,CUST_049,Drinks,"Coca Cola",2.5,5,12.5,2023-11-01,"DIGITAL WALLET"
ORD_317011,CUST_026,"Side Dishes","Grilled Vegetables",5.0,1,5,2022-06-29,"CREDIT CARD"
ORD_285145,CUST_015,Desserts,Brownie,6.0,4,24,2023-03-23,CASH
ORD_486654,CUST_015,Drinks,"Coca Cola",2.5,1,2.5,2023-05-22,CASH
ORD_226667,CUST_073,"Main Dishes",Salmon,18.0,1,18,2022-05-14,"DIGITAL WALLET"
ORD_878457,CUST_081,Starters,"Sweet Potato Fries",5.0,3,15,2022-11-30,"CREDIT CARD"
ORD_892571,CUST_100,Starters,"Beef Chili",7.0,4,28,2022-12-20,"DIGITAL WALLET"
ORD_611352,CUST_056,"Main Dishes","Pasta Alfredo",12.0,1,12,2022-05-28,"CREDIT CARD"
ORD_945268,CUST_038,Drinks,"Unknown Drink",2.5,5,12.5,2022-11-13,"DIGITAL WALLET"
ORD_655157,CUST_043,Drinks,"Orange Juice",3.0,5,15,2023-04-21,CASH
ORD_337679,CUST_012,Desserts,"Unknown Dessert",5.41340782122905,5,25,2022-11-28,"DIGITAL WALLET"
ORD_346304,CUST_077,Drinks,"Orange Juice",3.0,4,12,2022-10-25,Unknown
ORD_431354,CUST_032,"Main Dishes","Grilled Chicken",15.0,1,15,2023-10-22,"DIGITAL WALLET"
ORD_561108,CUST_019,"Main Dishes",Steak,20.0,3,60,2022-02-08,"CREDIT CARD"
ORD_311585,CUST_003,"Main Dishes","Vegetarian Platter",14.0,2,28,2023-08-10,"DIGITAL WALLET"
ORD_986810,CUST_003,Desserts,"Chocolate Cake",6.0,4,24,2022-11-05,"DIGITAL WALLET"
ORD_860768,CUST_054,Drinks,Lemonade,3.0,4,12,2022-05-21,"DIGITAL WALLET"
ORD_796196,CUST_032,"Side Dishes","Side Salad",3.0,5,15,2023-11-26,CASH
ORD_321958,CUST_023,Drinks,Lemonade,3.0,5,15,2023-02-18,"DIGITAL WALLET"
ORD_497222,CUST_033,"Main Dishes","Pasta Alfredo",12.0,4,48,2022-07-24,"DIGITAL WALLET"
ORD_868182,CUST_051,Desserts,Brownie,6.0,2,12,2023-02-26,CASH
ORD_388922,CUST_063,Starters,"French Fries",4.0,1,4,2023-10-31,CASH
ORD_126192,CUST_040,Desserts,Cheesecake,7.0,1,7,2023-10-31,CASH
ORD_557804,CUST_078,"Main Dishes","Grilled Chicken",15.0,4,60,2022-10-04,"DIGITAL WALLET"
ORD_559329,CUST_038,Starters,"French Fries",4.0,3,12,2022-04-29,"CREDIT CARD"
ORD_763510,CUST_059,"Side Dishes","Grilled Vegetables",5.0,1,5,2022-07-29,"DIGITAL WALLET"
ORD_811422,CUST_083,"Main Dishes","Vegetarian Platter",14.0,1,14,2022-11-07,CASH
ORD_501468,CUST_086,Starters,"Chicken Melt",8.0,1,8,2023-09-14,"DIGITAL WALLET"
ORD_345308,CUST_080,Drinks,Water,1.0,1,1,2023-01-23,CASH
ORD_585089,CUST_098,Starters,"Sweet Potato Fries",5.0,1,5,2022-08-28,"DIGITAL WALLET"
ORD_806885,CUST_018,"Side Dishes","Mashed Potatoes",4.0,5,20,2023-10-18,"CREDIT CARD"
ORD_171644,CUST_019,"Main Dishes",Steak,20.0,1,20,2022-09-26,"DIGITAL WALLET"
ORD_408461,CUST_069,"Side Dishes","Onion Rings",5.0,1,5,2022-07-15,CASH
ORD_861985,CUST_009,Desserts,"Chocolate Cake",6.0,4,24,2022-07-29,CASH
ORD_698962,CUST_028,"Side Dishes","Side Salad",3.0,1,3,2023-10-16,"DIGITAL WALLET"
ORD_603457,CUST_027,Starters,"Beef Chili",7.0,1,7,2022-07-28,"DIGITAL WALLET"
ORD_541619,CUST_003,Starters,"Cheese Fries",5.0,4,20,2022-06-30,CASH
ORD_502890,CUST_040,Drinks,"Coca Cola",2.5,2,5,2022-09-20,CASH
ORD_364134,CUST_081,"Main Dishes","Grilled Chicken",15.0,4,60,2022-10-11,"CREDIT CARD"
ORD_765488,CUST_003,"Main Dishes","Grilled Chicken",15.0,3,45,2023-05-14,"CREDIT CARD"
ORD_899429,CUST_064,"Side Dishes","Mashed Potatoes",4.0,3,12,2022-08-05,"CREDIT CARD"
ORD_624860,CUST_060,"Main Dishes","Vegetarian Platter",14.0,1,14,2023-03-22,"DIGITAL WALLET"
ORD_884111,CUST_021,Starters,"Cheese Fries",5.0,3,15,2023-06-30,CASH
ORD_660880,CUST_068,"Main Dishes","Unknown Main Dish",12.0,4,48,2022-09-04,Unknown
ORD_173306,CUST_075,"Main Dishes","Grilled Chicken",15.0,1,15,2022-04-03,CASH
ORD_181009,CUST_016,Starters,"Beef Chili",7.0,5,35,2022-04-03,"DIGITAL WALLET"
ORD_304604,CUST_053,Desserts,"Ice Cream",5.0,3,15,2023-04-25,"CREDIT CARD"
ORD_285498,CUST_097,"Main Dishes",Steak,20.0,2,40,2023-02-16,"CREDIT CARD"
ORD_263078,CUST_022,"Side Dishes","Side Salad",3.0,2,6,2022-02-01,CASH
ORD_817932,CUST_051,Drinks,Water,1.0,2,2,2022-02-14,CASH
ORD_713359,CUST_091,Desserts,"Fruit Salad",4.0,2,8,2022-11-27,"CREDIT CARD"
ORD_159445,CUST_038,Starters,"Cheese Fries",5.0,4,20,2023-07-17,CASH
ORD_700853,CUST_071,Drinks,Lemonade,3.0,2,6,2023-09-20,"CREDIT CARD"
ORD_586670,CUST_068,Starters,"Beef Chili",7.0,5,35,2023-03-30,CASH
ORD_273513,CUST_023,"Main Dishes","Pasta Alfredo",12.0,2,24,2022-03-01,"CREDIT CARD"
ORD_505144,CUST_018,Desserts,Cheesecake,7.0,2,14,2022-06-22,CASH
ORD_463158,CUST_002,"Main Dishes",Salmon,18.0,4,72,2023-08-17,"CREDIT CARD"
ORD_817907,CUST_059,"Main Dishes",Salmon,18.0,2,36,2023-12-07,CASH
ORD_534737,CUST_057,Desserts,"Chocolate Cake",6.0,4,24,2023-09-15,CASH
ORD_724879,CUST_083,"Main Dishes","Pasta Alfredo",12.0,3,36,2023-05-02,"DIGITAL WALLET"
ORD_479957,CUST_092,"Side Dishes","Mashed Potatoes",4.0,3,12,2023-08-02,"DIGITAL WALLET"
ORD_307100,CUST_007,"Main Dishes",Salmon,18.0,4,72,2022-07-26,CASH
ORD_945733,CUST_059,Drinks,"Coca Cola",2.5,4,10,2022-07-18,"DIGITAL WALLET"
ORD_953902,CUST_048,"Main Dishes","Pasta Alfredo",12.0,3,36,2022-10-07,"DIGITAL WALLET"
ORD_737189,CUST_087,Drinks,"Orange Juice",3.0,1,3,2023-11-19,CASH
ORD_823635,CUST_022,"Side Dishes","Side Salad",3.0,1,3,2022-03-11,"DIGITAL WALLET"
ORD_215513,CUST_085,Desserts,Cheesecake,7.0,1,7,2022-04-24,"DIGITAL WALLET"
ORD_605730,CUST_067,"Side Dishes","Side Salad",3.0,1,3,2022-08-09,CASH
ORD_812696,CUST_090,"Main Dishes","Pasta Alfredo",12.0,5,60,2023-10-30,"CREDIT CARD"
ORD_170576,CUST_079,"Side Dishes","Grilled Vegetables",5.0,5,25,2022-02-10,"CREDIT CARD"
ORD_447160,CUST_055,Drinks,"Unknown Drink",3.0,1,3,2023-11-18,Unknown
ORD_115022,CUST_082,Desserts,"Unknown Dessert",6.0,1,6,2022-10-09,"DIGITAL WALLET"
ORD_277732,CUST_077,"Main Dishes","Pasta Alfredo",12.0,4,48,2023-03-11,"CREDIT CARD"
ORD_666481,CUST_007,"Side Dishes","Grilled Vegetables",5.0,4,20,2022-08-26,"CREDIT CARD"
ORD_823401,CUST_035,"Main Dishes","Grilled Chicken",15.0,3,45,2022-06-27,"DIGITAL WALLET"
ORD_424140,CUST_003,Drinks,"Iced Tea",2.5,3,7.5,2023-12-18,CASH
ORD_371414,CUST_095,Drinks,"Coca Cola",2.5,4,10,2023-10-19,"CREDIT CARD"
ORD_944080,CUST_022,"Side Dishes","Onion Rings",5.0,4,20,2022-11-07,"DIGITAL WALLET"
ORD_631175,CUST_068,Drinks,"Unknown Drink",1.0,4,4,2023-08-06,CASH
ORD_266903,CUST_045,Desserts,"Ice Cream",5.0,4,20,2022-06-22,CASH
ORD_475833,CUST_062,Starters,"Beef Chili",7.0,1,7,2023-03-14,CASH
ORD_483348,CUST_053,Desserts,"Fruit Salad",4.0,3,12,2022-10-17,CASH
ORD_245237,CUST_030,Drinks,Lemonade,3.0,3,9,2023-09-02,Unknown
ORD_851105,CUST_051,Desserts,"Fruit Salad",4.0,4,16,2023-11-04,"DIGITAL WALLET"
ORD_575706,CUST_071,Desserts,Cheesecake,7.0,4,28,2022-03-07,"CREDIT CARD"
ORD_894416,CUST_075,Desserts,"Ice Cream",5.0,3,15,2023-10-16,"DIGITAL WALLET"
ORD_457904,CUST_065,Drinks,"Coca Cola",2.5,1,2.5,2023-07-17,"DIGITAL WALLET"
ORD_724756,CUST_064,Starters,"Unknown Starter",5.0,2,10,2022-01-26,CASH
ORD_438413,CUST_005,Starters,"Cheese Fries",5.0,4,20,2023-07-10,"DIGITAL WALLET"
ORD_162788,CUST_034,Desserts,"Chocolate Cake",6.0,3,18,2023-06-11,"CREDIT CARD"
ORD_211281,CUST_047,Drinks,Water,1.0,4,4,2022-02-28,"CREDIT CARD"
ORD_894065,CUST_022,Drinks,"Iced Tea",2.5,1,2.5,2023-10-07,"DIGITAL WALLET"
ORD_945946,CUST_040,"Main Dishes","Vegetarian Platter",14.0,1,14,2023-12-02,CASH
ORD_439775,CUST_100,Starters,"Cheese Fries",5.0,2,10,2023-06-04,"CREDIT CARD"
ORD_517782,CUST_051,"Main Dishes","Pasta Alfredo",12.0,4,48,2022-06-19,"CREDIT CARD"
ORD_728837,CUST_082,Drinks,"Coca Cola",2.5,3,7.5,2023-08-02,"DIGITAL WALLET"
ORD_134517,CUST_042,Desserts,"Fruit Salad",4.0,1,4,2022-05-24,"DIGITAL WALLET"
ORD_926448,CUST_023,Drinks,"Iced Tea",2.5,4,10,2022-06-29,"DIGITAL WALLET"
ORD_726112,CUST_042,"Main Dishes",Salmon,18.0,5,90,2023-05-31,CASH
ORD_679434,CUST_082,"Main Dishes","Grilled Chicken",15.0,4,60,2023-08-06,"CREDIT CARD"
ORD_652402,CUST_072,"Side Dishes","Mashed Potatoes",4.0,2,8,2022-09-01,CASH
ORD_615873,CUST_051,"Side Dishes","Mashed Potatoes",4.0,2,8,2022-04-17,CASH
ORD_827576,CUST_075,Drinks,Water,1.0,1,1,2022-10-14,CASH
ORD_751196,CUST_067,"Main Dishes",Salmon,18.0,2,36,2023-05-27,"CREDIT CARD"
ORD_294858,CUST_036,Desserts,"Unknown Dessert",6.0,3,18,2022-11-06,CASH
ORD_677259,CUST_073,Desserts,Cheesecake,7.0,2,14,2023-05-24,"CREDIT CARD"
ORD_224888,CUST_068,Starters,"Sweet Potato Fries",5.0,1,5,2022-01-20,"DIGITAL WALLET"
ORD_586371,CUST_047,"Side Dishes","Mashed Potatoes",4.0,1,4,2022-08-09,"DIGITAL WALLET"
ORD_799949,CUST_093,Drinks,"Coca Cola",2.5,5,12.5,2023-05-28,CASH
ORD_614032,CUST_009,"Side Dishes","Onion Rings",5.0,1,5,2023-11-29,CASH
ORD_437474,CUST_008,Drinks,"Orange Juice",3.0,1,3,2022-02-16,"CREDIT CARD"
ORD_586743,CUST_063,"Main Dishes",Steak,20.0,4,80,2023-06-01,CASH
ORD_213587,CUST_006,"Main Dishes","Pasta Alfredo",12.0,5,60,2023-05-31,CASH
ORD_488088,CUST_022,"Side Dishes","Garlic Bread",4.0,4,16,2022-01-07,"CREDIT CARD"
ORD_503283,CUST_100,Drinks,"Orange Juice",3.0,4,12,2022-07-17,CASH
ORD_905127,CUST_061,Starters,"Nachos Grande",10.0,4,40,2022-02-25,"DIGITAL WALLET"
ORD_916759,CUST_022,Starters,"French Fries",4.0,2,8,2022-09-01,"CREDIT CARD"
ORD_819093,CUST_038,Desserts,"Fruit Salad",4.0,5,20,2022-08-21,"CREDIT CARD"
ORD_192615,CUST_079,Desserts,"Ice Cream",5.0,1,5,2022-10-03,CASH
ORD_910191,CUST_068,"Main Dishes",Steak,20.0,4,80,2022-10-23,CASH
ORD_977852,CUST_095,Starters,"French Fries",4.0,2,8,2022-04-05,"DIGITAL WALLET"
ORD_852534,CUST_011,"Main Dishes","Vegetarian Platter",14.0,2,28,2022-05-09,"CREDIT CARD"
ORD_114061,CUST_054,"Main Dishes","Grilled Chicken",15.0,3,45,2022-06-29,"DIGITAL WALLET"
ORD_381783,CUST_045,Desserts,"Chocolate Cake",6.0,1,6,2022-09-15,"DIGITAL WALLET"
ORD_958263,CUST_057,Starters,"Chicken Melt",8.0,5,40,2022-06-07,CASH
ORD_318218,CUST_060,Starters,"Beef Chili",7.0,5,35,2023-03-15,CASH
ORD_897234,CUST_096,Drinks,Lemonade,3.0,1,3,2023-03-23,CASH
ORD_334311,CUST_083,"Main Dishes","Pasta Alfredo",12.0,5,60,2022-07-18,"DIGITAL WALLET"
ORD_301888,CUST_052,"Main Dishes",Salmon,18.0,2,36,2022-07-18,CASH
ORD_777501,CUST_061,Drinks,Water,1.0,5,5,2022-08-21,CASH
ORD_370968,CUST_043,"Side Dishes","Mashed Potatoes",4.0,1,4,2022-01-13,CASH
ORD_831465,CUST_042,Drinks,"Coca Cola",2.5,4,10,2023-12-06,"CREDIT CARD"
ORD_866553,CUST_044,Drinks,"Coca Cola",2.5,4,10,2023-03-01,"DIGITAL WALLET"
ORD_956698,CUST_010,"Side Dishes","Mashed Potatoes",4.0,3,12,2023-10-06,"CREDIT CARD"
ORD_581499,CUST_034,"Main Dishes","Unknown Main Dish",14.883720930232558,2,24,2023-10-23,Unknown
ORD_410194,CUST_097,Starters,"Cheese Fries",5.0,1,5,2023-04-12,"CREDIT CARD"
ORD_419546,CUST_021,"Main Dishes","Grilled Chicken",15.0,4,60,2023-01-26,CASH
ORD_606620,CUST_044,"Side Dishes","Side Salad",3.0,2,6,2023-07-21,"DIGITAL WALLET"
ORD_420693,CUST_025,Drinks,"Coca Cola",2.5,2,5,2022-07-28,"DIGITAL WALLET"
ORD_433463,CUST_021,Drinks,Water,1.0,5,5,2022-03-19,CASH
ORD_421844,CUST_085,"Side Dishes","Mashed Potatoes",4.0,5,20,2022-07-09,"CREDIT CARD"
ORD_324193,CUST_008,Desserts,"Ice Cream",5.0,2,10,2022-02-27,"DIGITAL WALLET"
ORD_131591,CUST_001,"Side Dishes","Garlic Bread",4.0,3,12,2023-04-17,"CREDIT CARD"
ORD_568698,CUST_057,"Side Dishes","Garlic Bread",4.0,2,8,2023-05-17,Unknown
ORD_276432,CUST_054,"Main Dishes",Salmon,18.0,5,90,2023-03-03,"CREDIT CARD"
ORD_928222,CUST_052,"Side Dishes","Mashed Potatoes",4.0,3,12,2022-07-26,"DIGITAL WALLET"
ORD_503877,CUST_084,Desserts,"Fruit Salad",4.0,2,8,2022-07-02,"CREDIT CARD"
ORD_102722,CUST_087,Drinks,"Orange Juice",3.0,2,6,2022-04-14,"CREDIT CARD"
ORD_629764,CUST_043,"Main Dishes","Grilled Chicken",15.0,4,60,2022-01-02,CASH
ORD_993899,CUST_061,"Side Dishes","Mashed Potatoes",4.0,2,8,2022-04-06,CASH
ORD_194624,CUST_052,"Side Dishes","Mashed Potatoes",4.0,3,12,2022-04-19,"CREDIT CARD"
ORD_591793,CUST_087,"Side Dishes","Garlic Bread",4.0,3,12,2023-03-09,"DIGITAL WALLET"
ORD_112374,CUST_064,"Main Dishes","Pasta Alfredo",12.0,4,48,2022-06-23,"CREDIT CARD"
ORD_723955,CUST_039,"Side Dishes","Mashed Potatoes",4.0,4,16,2023-03-09,"CREDIT CARD"
ORD_958528,CUST_009,"Main Dishes","Grilled Chicken",15.0,4,60,2023-08-23,"DIGITAL WALLET"
ORD_218106,CUST_059,Drinks,Lemonade,3.0,1,3,2022-07-30,"CREDIT CARD"
ORD_361354,CUST_048,"Main Dishes","Grilled Chicken",15.0,5,75,2022-03-23,CASH
ORD_419289,CUST_084,"Main Dishes","Pasta Alfredo",12.0,5,60,2022-08-03,"CREDIT CARD"
ORD_558234,CUST_010,Starters,"French Fries",4.0,5,20,2022-12-25,"CREDIT CARD"
ORD_278698,CUST_078,Drinks,Water,1.0,1,1,2023-03-19,"CREDIT CARD"
ORD_139165,CUST_062,Desserts,"Fruit Salad",4.0,5,20,2022-02-15,"CREDIT CARD"
ORD_141625,CUST_019,"Main Dishes",Steak,20.0,3,60,2023-06-16,"CREDIT CARD"
ORD_610489,CUST_079,"Side Dishes","Side Salad",3.0,5,15,2023-10-05,"DIGITAL WALLET"
ORD_820200,CUST_022,"Side Dishes","Side Salad",3.0,2,6,2023-09-02,CASH
ORD_188254,CUST_012,Desserts,Cheesecake,7.0,4,28,2023-02-09,"DIGITAL WALLET"
ORD_380963,CUST_080,"Side Dishes","Onion Rings",5.0,4,20,2023-08-24,"DIGITAL WALLET"
ORD_696352,CUST_005,"Main Dishes","Pasta Alfredo",12.0,3,36,2023-06-11,"DIGITAL WALLET"
ORD_113127,CUST_078,Desserts,Cheesecake,7.0,2,14,2023-11-11,"CREDIT CARD"
ORD_823249,CUST_060,Desserts,"Fruit Salad",4.0,5,20,2022-08-31,"DIGITAL WALLET"
ORD_669082,CUST_100,Desserts,"Ice Cream",5.0,1,5,2023-08-03,"DIGITAL WALLET"
ORD_464903,CUST_054,Drinks,Water,1.0,4,4,2023-04-06,"CREDIT CARD"
ORD_258000,CUST_077,"Side Dishes","Mashed Potatoes",4.0,1,4,2023-06-17,"CREDIT CARD"
ORD_624990,CUST_044,"Side Dishes","Mashed Potatoes",4.0,4,16,2023-08-24,"DIGITAL WALLET"
ORD_802540,CUST_058,Desserts,Cheesecake,7.0,3,21,2022-11-01,"CREDIT CARD"
ORD_341878,CUST_055,"Main Dishes","Grilled Chicken",15.0,4,60,2022-11-01,"CREDIT CARD"
ORD_713622,CUST_001,Drinks,Water,1.0,1,1,2023-07-22,"CREDIT CARD"
ORD_808907,CUST_080,Desserts,"Ice Cream",5.0,3,15,2023-02-25,"DIGITAL WALLET"
ORD_802887,CUST_082,Starters,"Sweet Potato Fries",5.0,4,20,2023-08-20,"CREDIT CARD"
ORD_576091,CUST_062,Desserts,"Unknown Dessert",5.41340782122905,5,25,2023-03-07,Unknown
ORD_996514,CUST_068,Starters,"Beef Chili",7.0,1,7,2022-10-10,"DIGITAL WALLET"
ORD_448114,CUST_078,Desserts,"Chocolate Cake",6.0,1,6,2023-05-17,CASH
ORD_496758,CUST_016,"Side Dishes","Garlic Bread",4.0,2,8,2023-08-13,"DIGITAL WALLET"
ORD_925962,CUST_094,Drinks,"Unknown Drink",2.5,1,2.5,2022-01-05,CASH
ORD_816529,CUST_067,Drinks,Water,1.0,5,5,2023-06-30,"CREDIT CARD"
ORD_577955,CUST_084,"Side Dishes","Mashed Potatoes",4.0,4,16,2023-12-26,"DIGITAL WALLET"
ORD_100767,CUST_061,"Side Dishes","Mashed Potatoes",4.0,3,12,2022-05-01,"CREDIT CARD"
ORD_693745,CUST_100,Desserts,"Unknown Dessert",5.41340782122905,3,15,2023-01-18,"DIGITAL WALLET"
ORD_598587,CUST_087,"Main Dishes","Pasta Alfredo",12.0,2,24,2022-06-06,CASH
ORD_696877,CUST_033,"Side Dishes","Mashed Potatoes",4.0,2,8,2023-06-27,"CREDIT CARD"
ORD_958664,CUST_037,"Side Dishes","Mashed Potatoes",4.0,4,16,2023-10-20,"CREDIT CARD"
ORD_727666,CUST_033,"Main Dishes",Salmon,18.0,1,18,2022-03-29,"DIGITAL WALLET"
ORD_821545,CUST_092,Desserts,"Ice Cream",5.0,1,5,2023-04-17,"CREDIT CARD"
ORD_655115,CUST_069,"Main Dishes","Pasta Alfredo",12.0,4,48,2023-07-06,"DIGITAL WALLET"
ORD_284524,CUST_018,"Side Dishes","Side Salad",3.0,4,12,2023-11-11,CASH
ORD_198686,CUST_042,Drinks,"Coca Cola",2.5,1,2.5,2022-03-18,"DIGITAL WALLET"
ORD_901762,CUST_097,Starters,"Sweet Potato Fries",5.0,4,20,2023-08-15,CASH
ORD_404177,CUST_027,Starters,"Nachos Grande",10.0,4,40,2022-05-30,"DIGITAL WALLET"
ORD_655526,CUST_020,Starters,"Sweet Potato Fries",5.0,5,25,2022-05-24,"DIGITAL WALLET"
ORD_627344,CUST_100,"Side Dishes","Side Salad",3.0,2,6,2023-07-28,CASH
ORD_490780,CUST_058,Starters,"Beef Chili",7.0,5,35,2023-05-09,"DIGITAL WALLET"
ORD_504682,CUST_036,Desserts,"Chocolate Cake",6.0,1,6,2023-10-28,"CREDIT CARD"
ORD_421210,CUST_058,"Side Dishes","Onion Rings",5.0,1,5,2022-11-12,"DIGITAL WALLET"
ORD_733396,CUST_031,"Main Dishes","Pasta Alfredo",12.0,1,12,2023-04-17,CASH
ORD_545622,CUST_086,Drinks,Lemonade,3.0,2,6,2022-08-18,"DIGITAL WALLET"
ORD_615352,CUST_084,"Side Dishes","Side Salad",3.0,4,12,2022-01-27,"DIGITAL WALLET"
ORD_244477,CUST_035,"Side Dishes","Side Salad",3.0,3,9,2022-02-07,"CREDIT CARD"
ORD_394050,CUST_077,Drinks,Water,1.0,4,4,2022-12-29,CASH
ORD_640650,CUST_042,Drinks,"Unknown Drink",2.169230769230769,1,1,2023-10-15,"CREDIT CARD"
ORD_551732,CUST_019,"Main Dishes","Grilled Chicken",15.0,5,75,2022-06-02,CASH
ORD_470740,CUST_028,Starters,"French Fries",4.0,1,4,2022-08-01,"DIGITAL WALLET"
ORD_747306,CUST_092,Drinks,"Coca Cola",2.5,3,7.5,2022-05-17,"CREDIT CARD"
ORD_663186,CUST_092,Desserts,"Ice Cream",5.0,4,20,2023-08-17,"DIGITAL WALLET"
ORD_975211,CUST_084,"Side Dishes","Grilled Vegetables",5.0,3,15,2023-08-22,CASH
ORD_712150,CUST_039,Desserts,"Unknown Dessert",7.0,5,35,2023-10-24,CASH
ORD_839265,CUST_088,Desserts,Cheesecake,7.0,1,7,2022-12-18,"DIGITAL WALLET"
ORD_122956,CUST_047,"Side Dishes","Garlic Bread",4.0,2,8,2022-12-16,"CREDIT CARD"
ORD_791303,CUST_038,"Side Dishes","Side Salad",3.0,2,6,2023-09-02,"CREDIT CARD"
ORD_171073,CUST_009,"Main Dishes","Grilled Chicken",15.0,3,45,2022-06-03,"DIGITAL WALLET"
ORD_743094,CUST_097,Desserts,"Ice Cream",5.0,3,15,2022-10-07,"CREDIT CARD"
ORD_243243,CUST_024,Starters,"French Fries",4.0,4,16,2023-11-20,"CREDIT CARD"
ORD_296818,CUST_010,Starters,"Cheese Fries",5.0,5,25,2022-03-23,CASH
ORD_481954,CUST_086,Desserts,"Ice Cream",5.0,4,20,2023-07-31,"CREDIT CARD"
ORD_956472,CUST_037,Desserts,"Chocolate Cake",6.0,3,18,2023-10-30,CASH
ORD_556065,CUST_083,Starters,"Beef Chili",7.0,2,14,2022-01-13,CASH
ORD_397800,CUST_009,Starters,"Sweet Potato Fries",5.0,5,25,2023-08-29,"DIGITAL WALLET"
ORD_456242,CUST_067,"Main Dishes","Grilled Chicken",15.0,3,45,2023-09-21,"DIGITAL WALLET"
ORD_239740,CUST_056,"Main Dishes",Steak,20.0,5,100,2022-08-10,"DIGITAL WALLET"
ORD_143715,CUST_054,Desserts,"Chocolate Cake",6.0,4,24,2023-12-26,"DIGITAL WALLET"
ORD_171698,CUST_064,"Main Dishes",Salmon,18.0,1,18,2022-07-15,CASH
ORD_616539,CUST_100,"Main Dishes",Salmon,18.0,5,90,2022-05-22,Unknown
ORD_843328,CUST_093,"Main Dishes","Grilled Chicken",15.0,3,45,2023-03-06,"CREDIT CARD"
ORD_471506,CUST_066,Drinks,Lemonade,3.0,4,12,2022-02-28,"CREDIT CARD"
ORD_956922,CUST_045,Starters,"Sweet Potato Fries",5.0,2,10,2023-11-01,"DIGITAL WALLET"
ORD_447542,CUST_057,"Main Dishes","Pasta Alfredo",12.0,4,48,2022-07-16,"CREDIT CARD"
ORD_829441,CUST_063,Desserts,"Fruit Salad",4.0,1,4,2022-01-08,"CREDIT CARD"
ORD_820499,CUST_091,Desserts,"Chocolate Cake",6.0,1,6,2022-03-09,"DIGITAL WALLET"
ORD_943957,CUST_012,"Side Dishes","Side Salad",3.0,2,6,2023-04-16,"CREDIT CARD"
ORD_245031,CUST_023,"Main Dishes","Grilled Chicken",15.0,2,30,2023-06-05,CASH
ORD_383381,CUST_066,Drinks,Lemonade,3.0,3,9,2023-10-04,"CREDIT CARD"
ORD_549417,CUST_094,"Main Dishes","Grilled Chicken",15.0,5,75,2023-12-18,"CREDIT CARD"
ORD_963598,CUST_038,"Side Dishes","Side Salad",3.0,2,6,2022-06-23,CASH
ORD_650400,CUST_050,"Side Dishes","Side Salad",3.0,3,9,2023-11-12,"CREDIT CARD"
ORD_101938,CUST_042,Drinks,Water,1.0,2,2,2022-03-20,"DIGITAL WALLET"
ORD_503998,CUST_045,"Main Dishes","Pasta Alfredo",12.0,4,48,2022-03-22,CASH
ORD_799519,CUST_091,Desserts,"Unknown Dessert",5.41340782122905,4,28,2023-03-02,Unknown
ORD_862734,CUST_043,"Side Dishes","Side Salad",3.0,3,9,2023-07-27,"DIGITAL WALLET"
ORD_476299,CUST_056,Starters,"French Fries",4.0,2,8,2023-05-01,"DIGITAL WALLET"
ORD_260663,CUST_093,Drinks,"Unknown Drink",1.0,1,1,2022-04-29,"CREDIT CARD"
ORD_380677,CUST_074,Starters,"Beef Chili",7.0,2,14,2022-03-18,CASH
ORD_535960,CUST_050,Desserts,"Unknown Dessert",6.0,4,24,2023-02-03,"CREDIT CARD"
ORD_224332,CUST_095,"Side Dishes","Mashed Potatoes",4.0,4,16,2022-09-08,"CREDIT CARD"
ORD_837496,CUST_083,Starters,"Cheese Fries",5.0,5,25,2022-10-13,"DIGITAL WALLET"
ORD_995151,CUST_013,"Side Dishes","Onion Rings",5.0,3,15,2022-07-22,"CREDIT CARD"
ORD_823009,CUST_006,"Side Dishes","Side Salad",3.0,2,6,2022-10-22,CASH
ORD_281298,CUST_075,Starters,"Sweet Potato Fries",5.0,5,25,2022-06-07,"DIGITAL WALLET"
ORD_811456,CUST_071,"Side Dishes","Grilled Vegetables",5.0,1,5,2023-04-12,CASH
ORD_309404,CUST_041,"Main Dishes","Pasta Alfredo",12.0,2,24,2023-02-24,"DIGITAL WALLET"
ORD_798558,CUST_092,"Main Dishes","Pasta Alfredo",12.0,5,60,2022-05-12,CASH
ORD_454498,CUST_094,Starters,"French Fries",4.0,1,4,2023-12-17,CASH
ORD_263544,CUST_071,"Side Dishes","Garlic Bread",4.0,5,20,2022-06-01,"DIGITAL WALLET"
ORD_177369,CUST_020,Drinks,"Orange Juice",3.0,5,15,2022-02-25,"DIGITAL WALLET"
ORD_762890,CUST_043,Starters,"French Fries",4.0,1,4,2023-12-30,"DIGITAL WALLET"
ORD_524383,CUST_060,Starters,"Unknown Starter",4.0,2,8,2022-09-02,"CREDIT CARD"
ORD_143044,CUST_002,Drinks,"Unknown Drink",2.169230769230769,3,9,2023-10-30,CASH
ORD_332355,CUST_012,Drinks,Water,1.0,3,3,2023-02-22,CASH
ORD_598376,CUST_015,"Main Dishes","Grilled Chicken",15.0,3,45,2023-11-06,"DIGITAL WALLET"
ORD_589712,CUST_011,"Side Dishes","Onion Rings",5.0,3,15,2022-12-02,CASH
ORD_776548,CUST_030,Desserts,"Ice Cream",5.0,2,10,2023-05-02,"CREDIT CARD"
ORD_925203,CUST_082,"Side Dishes","Unknown Side Dish",5.0,4,20,2023-09-26,"CREDIT CARD"
ORD_986328,CUST_054,"Main Dishes",Steak,20.0,1,20,2022-05-23,"CREDIT CARD"
ORD_103555,CUST_038,"Main Dishes","Unknown Main Dish",12.0,1,12,2022-03-28,"DIGITAL WALLET"
ORD_707729,CUST_001,Desserts,"Chocolate Cake",6.0,2,12,2023-01-13,"DIGITAL WALLET"
ORD_812444,CUST_093,Starters,"Cheese Fries",5.0,4,20,2022-07-30,"CREDIT CARD"
ORD_235463,CUST_100,Desserts,"Chocolate Cake",6.0,5,30,2023-03-25,"CREDIT CARD"
ORD_648770,CUST_049,Desserts,Cheesecake,7.0,1,7,2022-07-04,"CREDIT CARD"
ORD_228312,CUST_036,Drinks,"Coca Cola",2.5,5,12.5,2023-02-17,"DIGITAL WALLET"
ORD_295504,CUST_016,Starters,"Chicken Melt",8.0,1,8,2023-07-20,CASH
ORD_384541,CUST_074,"Side Dishes","Mashed Potatoes",4.0,4,16,2023-08-15,CASH
ORD_980858,CUST_066,"Side Dishes","Unknown Side Dish",5.0,2,10,2023-03-29,"DIGITAL WALLET"
ORD_141505,CUST_018,Desserts,"Ice Cream",5.0,4,20,2022-02-22,"DIGITAL WALLET"
ORD_658043,CUST_081,"Side Dishes","Mashed Potatoes",4.0,5,20,2023-06-05,"CREDIT CARD"
ORD_268439,CUST_028,Drinks,"Iced Tea",2.5,3,7.5,2023-05-30,CASH
ORD_975974,CUST_047,"Main Dishes","Grilled Chicken",15.0,1,15,2023-06-14,"CREDIT CARD"
ORD_286299,CUST_067,Starters,"Chicken Melt",8.0,1,8,2022-03-31,"CREDIT CARD"
ORD_162664,CUST_086,"Main Dishes","Grilled Chicken",15.0,1,15,2022-09-04,"DIGITAL WALLET"
ORD_936405,CUST_065,Starters,"Sweet Potato Fries",5.0,3,15,2022-11-19,CASH
ORD_146384,CUST_097,Starters,"Nachos Grande",10.0,1,10,2023-11-20,CASH
ORD_768617,CUST_047,"Side Dishes","Grilled Vegetables",5.0,5,25,2023-03-08,"CREDIT CARD"
ORD_442551,CUST_035,Desserts,"Ice Cream",5.0,4,20,2023-09-02,"DIGITAL WALLET"
ORD_394599,CUST_012,Starters,"Cheese Fries",5.0,3,15,2022-06-06,CASH
ORD_512190,CUST_093,Desserts,"Chocolate Cake",6.0,3,18,2023-07-15,"DIGITAL WALLET"
ORD_177013,CUST_005,Drinks,"Orange Juice",3.0,4,12,2023-04-27,CASH
ORD_264924,CUST_095,Drinks,"Coca Cola",2.5,4,10,2023-04-24,CASH
ORD_165187,CUST_051,"Side Dishes","Garlic Bread",4.0,1,4,2022-10-21,"DIGITAL WALLET"
ORD_204602,CUST_070,Drinks,Water,1.0,4,4,2022-08-08,"DIGITAL WALLET"
ORD_895922,CUST_088,Drinks,Lemonade,3.0,3,9,2023-12-02,"CREDIT CARD"
ORD_104404,CUST_074,"Main Dishes","Grilled Chicken",15.0,2,30,2023-10-10,"CREDIT CARD"
ORD_450188,CUST_064,Desserts,"Unknown Dessert",5.41340782122905,3,21,2022-10-06,CASH
ORD_930520,CUST_013,"Main Dishes","Grilled Chicken",15.0,1,15,2023-07-20,"CREDIT CARD"
ORD_515917,CUST_054,"Main Dishes","Pasta Alfredo",12.0,5,60,2023-10-18,CASH
ORD_657299,CUST_011,Desserts,"Fruit Salad",4.0,2,8,2022-12-14,"DIGITAL WALLET"
ORD_361041,CUST_087,Starters,"Chicken Melt",8.0,4,32,2023-01-20,"CREDIT CARD"
ORD_766410,CUST_020,"Side Dishes","Onion Rings",5.0,3,15,2023-10-26,"CREDIT CARD"
ORD_548148,CUST_099,"Main Dishes","Pasta Alfredo",12.0,5,60,2023-11-01,CASH
ORD_542017,CUST_098,Desserts,Brownie,6.0,1,6,2022-09-27,CASH
ORD_715503,CUST_091,Desserts,"Fruit Salad",4.0,4,16,2022-08-06,"DIGITAL WALLET"
ORD_606911,CUST_044,Desserts,Brownie,6.0,3,18,2022-12-05,"CREDIT CARD"
ORD_244291,CUST_088,Drinks,"Iced Tea",2.5,4,10,2022-03-23,CASH
ORD_848474,CUST_025,Desserts,"Ice Cream",5.0,4,20,2023-01-26,"DIGITAL WALLET"
ORD_502234,CUST_022,Starters,"Sweet Potato Fries",5.0,2,10,2022-08-27,"DIGITAL WALLET"
ORD_610599,CUST_039,Starters,"Sweet Potato Fries",5.0,5,25,2023-01-04,CASH
ORD_657651,CUST_066,"Side Dishes","Mashed Potatoes",4.0,5,20,2023-10-09,"DIGITAL WALLET"
ORD_565244,CUST_043,"Side Dishes","Onion Rings",5.0,5,25,2023-10-07,"DIGITAL WALLET"
ORD_115706,CUST_061,Starters,"Nachos Grande",10.0,1,10,2023-10-14,CASH
ORD_751785,CUST_092,Starters,"Cheese Fries",5.0,2,10,2023-10-23,CASH
ORD_520475,CUST_062,Starters,"French Fries",4.0,4,16,2023-08-30,CASH
ORD_520310,CUST_040,"Side Dishes","Unknown Side Dish",5.0,5,25,2023-02-17,"CREDIT CARD"
ORD_722486,CUST_060,Desserts,"Fruit Salad",4.0,4,16,2022-05-18,CASH
ORD_207650,CUST_097,Drinks,"Iced Tea",2.5,5,12.5,2023-03-21,"DIGITAL WALLET"
ORD_933275,CUST_012,Starters,"French Fries",4.0,1,4,2023-04-28,CASH
ORD_871008,CUST_071,Desserts,"Ice Cream",5.0,4,20,2023-08-18,"DIGITAL WALLET"
ORD_842303,CUST_005,"Side Dishes","Onion Rings",5.0,2,10,2023-10-25,"DIGITAL WALLET"
ORD_869021,CUST_021,Desserts,"Chocolate Cake",6.0,1,6,2023-08-23,"CREDIT CARD"
ORD_771986,CUST_073,Desserts,"Chocolate Cake",6.0,4,24,2022-02-09,"DIGITAL WALLET"
ORD_672136,CUST_026,Starters,"Nachos Grande",10.0,2,20,2022-10-10,"CREDIT CARD"
ORD_381526,CUST_026,"Main Dishes","Pasta Alfredo",12.0,3,36,2022-09-01,"DIGITAL WALLET"
ORD_873330,CUST_001,Starters,"French Fries",4.0,2,8,2022-12-03,"DIGITAL WALLET"
ORD_104210,CUST_066,Starters,"Chicken Melt",8.0,4,32,2023-03-01,"DIGITAL WALLET"
ORD_522349,CUST_068,"Side Dishes","Mashed Potatoes",4.0,3,12,2023-10-04,CASH
ORD_318300,CUST_058,"Main Dishes","Grilled Chicken",15.0,1,15,2022-06-23,"CREDIT CARD"
ORD_667083,CUST_028,"Side Dishes","Grilled Vegetables",5.0,5,25,2023-10-16,"DIGITAL WALLET"
ORD_494113,CUST_072,Starters,"Chicken Melt",8.0,5,40,2023-06-15,CASH
ORD_374012,CUST_013,"Main Dishes","Grilled Chicken",15.0,3,45,2023-09-19,"CREDIT CARD"
ORD_783830,CUST_059,"Main Dishes","Vegetarian Platter",14.0,1,14,2022-08-26,"CREDIT CARD"
ORD_140853,CUST_085,Drinks,"Coca Cola",2.5,4,10,2022-12-18,"CREDIT CARD"
ORD_616852,CUST_006,"Main Dishes","Grilled Chicken",15.0,4,60,2022-12-17,CASH
ORD_170081,CUST_086,"Main Dishes","Unknown Main Dish",20.0,5,100,2023-04-17,Unknown
ORD_554218,CUST_068,Starters,"Sweet Potato Fries",5.0,4,20,2023-02-09,"DIGITAL WALLET"
ORD_936219,CUST_050,Desserts,"Unknown Dessert",6.0,3,18,2022-04-02,"DIGITAL WALLET"
ORD_427909,CUST_057,Starters,"Beef Chili",7.0,3,21,2022-05-30,CASH
ORD_235213,CUST_072,Drinks,"Coca Cola",2.5,2,5,2023-10-11,"DIGITAL WALLET"
ORD_106886,CUST_016,"Main Dishes","Grilled Chicken",15.0,1,15,2023-07-08,"DIGITAL WALLET"
ORD_366732,CUST_026,Drinks,"Orange Juice",3.0,1,3,2022-11-23,"DIGITAL WALLET"
ORD_697006,CUST_091,"Side Dishes","Side Salad",3.0,4,12,2023-09-02,"DIGITAL WALLET"
ORD_693548,CUST_022,Desserts,"Unknown Dessert",5.0,5,25,2022-04-17,Unknown
ORD_726934,CUST_097,Desserts,"Unknown Dessert",6.0,2,12,2023-02-19,Unknown
ORD_945358,CUST_080,Drinks,"Orange Juice",3.0,2,6,2023-05-26,CASH
ORD_618486,CUST_080,Desserts,"Fruit Salad",4.0,5,20,2022-05-30,"DIGITAL WALLET"
ORD_181028,CUST_078,"Main Dishes",Steak,20.0,1,20,2023-01-18,"DIGITAL WALLET"
ORD_101159,CUST_069,Drinks,Water,1.0,4,4,2023-11-23,CASH
ORD_145458,CUST_059,Starters,"French Fries",4.0,2,8,2022-08-30,"DIGITAL WALLET"
ORD_157176,CUST_025,Drinks,Water,1.0,3,3,2023-12-06,CASH
ORD_569190,CUST_095,"Main Dishes","Grilled Chicken",15.0,5,75,2023-10-06,CASH
ORD_582796,CUST_041,Starters,"French Fries",4.0,5,20,2022-04-12,"CREDIT CARD"
ORD_505727,CUST_059,"Side Dishes","Mashed Potatoes",4.0,1,4,2023-10-02,"DIGITAL WALLET"
ORD_193884,CUST_081,Drinks,"Unknown Drink",2.169230769230769,1,1,2022-09-04,Unknown
ORD_247686,CUST_050,Desserts,"Chocolate Cake",6.0,1,6,2022-05-07,"CREDIT CARD"
ORD_500494,CUST_072,"Side Dishes","Onion Rings",5.0,3,15,2022-02-27,"DIGITAL WALLET"
ORD_469516,CUST_040,"Main Dishes",Steak,20.0,2,40,2022-10-01,CASH
ORD_535549,CUST_057,"Main Dishes","Grilled Chicken",15.0,5,75,2022-05-05,CASH
ORD_760079,CUST_075,Drinks,"Coca Cola",2.5,4,10,2022-01-30,"CREDIT CARD"
ORD_644059,CUST_017,Starters,"French Fries",4.0,4,16,2023-05-20,"DIGITAL WALLET"
ORD_217315,CUST_009,Desserts,Cheesecake,7.0,4,28,2022-07-29,"DIGITAL WALLET"
ORD_315342,CUST_030,Drinks,"Orange Juice",3.0,2,6,2023-06-10,"CREDIT CARD"
ORD_687441,CUST_077,"Side Dishes","Unknown Side Dish",4.048648648648649,3,12,2023-11-15,Unknown
ORD_471282,CUST_042,Desserts,"Ice Cream",5.0,3,15,2023-12-04,"DIGITAL WALLET"
ORD_194956,CUST_074,"Side Dishes","Mashed Potatoes",4.0,5,20,2022-07-27,CASH
ORD_707614,CUST_041,"Main Dishes",Salmon,18.0,2,36,2022-06-02,"CREDIT CARD"
ORD_708136,CUST_032,Drinks,Lemonade,3.0,3,9,2022-06-09,CASH
ORD_283870,CUST_009,Starters,"French Fries",4.0,5,20,2022-01-03,"CREDIT CARD"
ORD_450951,CUST_029,Drinks,"Coca Cola",2.5,5,12.5,2022-06-28,Unknown
ORD_308858,CUST_049,Drinks,Water,1.0,3,3,2022-12-07,CASH
ORD_929341,CUST_069,"Side Dishes","Onion Rings",5.0,5,25,2022-06-27,"CREDIT CARD"
ORD_593421,CUST_046,Drinks,"Coca Cola",2.5,5,12.5,2023-12-15,Unknown
ORD_610075,CUST_044,Starters,"Beef Chili",7.0,2,14,2022-10-31,"CREDIT CARD"
ORD_808922,CUST_094,Drinks,"Coca Cola",2.5,2,5,2022-12-22,CASH
ORD_832695,CUST_088,"Main Dishes","Grilled Chicken",15.0,3,45,2023-01-16,"DIGITAL WALLET"
ORD_610617,CUST_053,"Side Dishes","Side Salad",3.0,1,3,2023-10-22,"CREDIT CARD"
ORD_931201,CUST_024,Desserts,"Chocolate Cake",6.0,3,18,2022-11-06,"DIGITAL WALLET"
ORD_374742,CUST_075,"Side Dishes","Mashed Potatoes",4.0,3,12,2023-09-17,"DIGITAL WALLET"
ORD_386046,CUST_064,"Main Dishes","Grilled Chicken",15.0,3,45,2023-11-14,"DIGITAL WALLET"
ORD_680853,CUST_009,Desserts,Brownie,6.0,3,18,2023-06-15,"DIGITAL WALLET"
ORD_344439,CUST_041,Drinks,Water,1.0,5,5,2023-08-29,"DIGITAL WALLET"
ORD_181897,CUST_095,"Side Dishes","Mashed Potatoes",4.0,4,16,2022-11-15,"CREDIT CARD"
ORD_569858,CUST_041,Drinks,"Unknown Drink",2.169230769230769,1,3,2023-03-15,"CREDIT CARD"
ORD_238318,CUST_048,Starters,"French Fries",4.0,5,20,2022-12-29,"CREDIT CARD"
ORD_266505,CUST_034,Drinks,"Coca Cola",2.5,2,5,2023-01-11,CASH
ORD_451447,CUST_052,Drinks,"Orange Juice",3.0,4,12,2022-08-29,"CREDIT CARD"
ORD_369968,CUST_066,Desserts,"Ice Cream",5.0,2,10,2022-07-19,CASH
ORD_881880,CUST_074,"Main Dishes","Pasta Alfredo",12.0,3,36,2023-07-17,CASH
ORD_720329,CUST_068,Drinks,Lemonade,3.0,2,6,2023-02-16,"CREDIT CARD"
ORD_346689,CUST_069,Drinks,"Coca Cola",2.5,2,5,2022-02-14,"DIGITAL WALLET"
ORD_928835,CUST_053,"Main Dishes","Grilled Chicken",15.0,3,45,2022-10-08,"CREDIT CARD"
ORD_800740,CUST_087,"Side Dishes","Mashed Potatoes",4.0,3,12,2022-05-02,"CREDIT CARD"
ORD_448647,CUST_025,"Side Dishes","Mashed Potatoes",4.0,4,16,2022-01-20,CASH
ORD_501436,CUST_049,Desserts,Brownie,6.0,2,12,2023-03-14,CASH
ORD_505276,CUST_087,Starters,"Nachos Grande",10.0,4,40,2022-10-02,CASH
ORD_911072,CUST_006,Desserts,"Chocolate Cake",6.0,5,30,2023-01-17,"CREDIT CARD"
ORD_334281,CUST_025,"Main Dishes",Steak,20.0,5,100,2022-06-28,"CREDIT CARD"
ORD_512669,CUST_005,Starters,"Cheese Fries",5.0,2,10,2023-10-20,"CREDIT CARD"
ORD_204039,CUST_052,"Main Dishes","Unknown Main Dish",14.0,5,70,2022-09-28,CASH
ORD_948347,CUST_001,Starters,"French Fries",4.0,3,12,2022-01-05,"CREDIT CARD"
ORD_290644,CUST_044,Drinks,Lemonade,3.0,2,6,2022-10-26,CASH
ORD_958831,CUST_048,Drinks,Water,1.0,1,1,2022-09-06,"DIGITAL WALLET"
ORD_932458,CUST_054,Desserts,"Chocolate Cake",6.0,5,30,2023-10-09,CASH
ORD_842210,CUST_028,"Main Dishes",Salmon,18.0,5,90,2022-07-14,CASH
ORD_493708,CUST_003,Drinks,"Coca Cola",2.5,5,12.5,2023-11-04,"DIGITAL WALLET"
ORD_677707,CUST_055,Desserts,"Chocolate Cake",6.0,2,12,2023-01-06,"DIGITAL WALLET"
ORD_653230,CUST_038,Drinks,Lemonade,3.0,3,9,2022-05-23,"DIGITAL WALLET"
ORD_666357,CUST_041,"Side Dishes","Unknown Side Dish",3.0,3,9,2022-04-06,"CREDIT CARD"
ORD_489563,CUST_019,"Main Dishes","Grilled Chicken",15.0,3,45,2022-01-29,CASH
ORD_378675,CUST_044,Starters,"Beef Chili",7.0,1,7,2022-05-18,"DIGITAL WALLET"
ORD_709726,CUST_012,"Main Dishes","Pasta Alfredo",12.0,2,24,2023-08-02,"CREDIT CARD"
ORD_737315,CUST_080,Desserts,"Fruit Salad",4.0,3,12,2023-07-12,"DIGITAL WALLET"
ORD_887217,CUST_030,Desserts,"Chocolate Cake",6.0,1,6,2022-07-11,CASH
ORD_642138,CUST_004,Drinks,"Coca Cola",2.5,2,5,2022-07-15,"DIGITAL WALLET"
ORD_867764,CUST_027,Desserts,"Chocolate Cake",6.0,1,6,2022-11-07,"CREDIT CARD"
ORD_720987,CUST_064,Starters,"French Fries",4.0,1,4,2023-08-13,"DIGITAL WALLET"
ORD_260765,CUST_096,"Main Dishes","Grilled Chicken",15.0,5,75,2023-03-05,"DIGITAL WALLET"
ORD_276908,CUST_017,"Main Dishes","Vegetarian Platter",14.0,3,42,2023-12-14,"DIGITAL WALLET"
ORD_308754,CUST_090,Drinks,"Unknown Drink",1.0,5,5,2023-03-08,"DIGITAL WALLET"
ORD_733982,CUST_014,Drinks,Water,1.0,1,1,2023-03-22,Unknown
ORD_464200,CUST_035,Desserts,"Chocolate Cake",6.0,1,6,2022-01-01,"DIGITAL WALLET"
ORD_725011,CUST_065,Drinks,"Orange Juice",3.0,1,3,2022-05-31,"CREDIT CARD"
ORD_573689,CUST_093,"Side Dishes","Grilled Vegetables",5.0,3,15,2023-09-12,"CREDIT CARD"
ORD_261821,CUST_034,Drinks,"Iced Tea",2.5,3,7.5,2022-08-09,"DIGITAL WALLET"
ORD_511726,CUST_054,"Side Dishes","Unknown Side Dish",4.0,4,16,2023-03-28,Unknown
ORD_826753,CUST_086,"Side Dishes","Garlic Bread",4.0,3,12,2022-04-10,"CREDIT CARD"
ORD_437825,CUST_034,Drinks,Water,1.0,4,4,2022-06-13,"CREDIT CARD"
ORD_733267,CUST_007,Starters,"French Fries",4.0,2,8,2023-08-20,"CREDIT CARD"
ORD_263099,CUST_096,Starters,"Sweet Potato Fries",5.0,3,15,2022-06-29,"CREDIT CARD"
ORD_132505,CUST_070,Starters,"French Fries",4.0,5,20,2023-01-30,"CREDIT CARD"
ORD_910596,CUST_065,"Side Dishes","Side Salad",3.0,3,9,2023-03-14,"CREDIT CARD"
ORD_548799,CUST_089,Desserts,"Fruit Salad",4.0,5,20,2022-09-20,"CREDIT CARD"
ORD_551636,CUST_063,Desserts,Cheesecake,7.0,5,35,2023-06-10,"DIGITAL WALLET"
ORD_983104,CUST_081,"Side Dishes","Side Salad",3.0,2,6,2023-06-16,"DIGITAL WALLET"
ORD_384167,CUST_018,Desserts,Cheesecake,7.0,1,7,2022-09-15,"CREDIT CARD"
ORD_211421,CUST_019,Desserts,Brownie,6.0,2,12,2022-07-13,"CREDIT CARD"
ORD_850253,CUST_094,Starters,"Beef Chili",7.0,5,35,2023-03-07,"CREDIT CARD"
ORD_837022,CUST_012,"Main Dishes",Steak,20.0,3,60,2023-06-16,"CREDIT CARD"
ORD_310357,CUST_031,"Main Dishes","Grilled Chicken",15.0,1,15,2023-08-17,CASH
ORD_871063,CUST_040,Desserts,"Chocolate Cake",6.0,4,24,2023-09-28,"DIGITAL WALLET"
ORD_731908,CUST_041,Drinks,"Orange Juice",3.0,3,9,2023-05-08,CASH
ORD_640540,CUST_051,Drinks,"Iced Tea",2.5,3,7.5,2022-10-06,"DIGITAL WALLET"
ORD_828822,CUST_016,Starters,"French Fries",4.0,1,4,2022-11-09,Unknown
ORD_566881,CUST_100,"Main Dishes","Pasta Alfredo",12.0,4,48,2023-05-08,"DIGITAL WALLET"
ORD_480251,CUST_050,Desserts,Cheesecake,7.0,4,28,2022-08-20,"CREDIT CARD"
ORD_740115,CUST_065,"Main Dishes","Grilled Chicken",15.0,2,30,2023-10-31,"CREDIT CARD"
ORD_206529,CUST_042,Drinks,"Orange Juice",3.0,5,15,2023-06-19,CASH
ORD_698604,CUST_073,"Main Dishes","Pasta Alfredo",12.0,3,36,2022-08-13,"DIGITAL WALLET"
ORD_237697,CUST_085,Starters,"Sweet Potato Fries",5.0,1,5,2022-01-18,"DIGITAL WALLET"
ORD_330915,CUST_100,Desserts,"Ice Cream",5.0,4,20,2023-04-27,"CREDIT CARD"
ORD_972016,CUST_007,Starters,"Beef Chili",7.0,3,21,2023-05-06,"CREDIT CARD"
ORD_168556,CUST_039,Starters,"French Fries",4.0,4,16,2022-11-20,"CREDIT CARD"
ORD_860347,CUST_014,Drinks,"Unknown Drink",2.169230769230769,4,10,2022-08-04,"CREDIT CARD"
ORD_271629,CUST_085,Starters,"French Fries",4.0,3,12,2023-09-11,"DIGITAL WALLET"
ORD_342927,CUST_075,Drinks,Water,1.0,3,3,2022-12-23,CASH
ORD_805912,CUST_005,"Side Dishes","Mashed Potatoes",4.0,2,8,2023-02-17,"DIGITAL WALLET"
ORD_939436,CUST_090,Drinks,"Coca Cola",2.5,1,2.5,2022-06-28,"DIGITAL WALLET"
ORD_307490,CUST_098,Starters,"Cheese Fries",5.0,3,15,2023-05-04,"CREDIT CARD"
ORD_587809,CUST_022,"Side Dishes","Side Salad",3.0,2,6,2023-06-29,Unknown
ORD_377285,CUST_008,"Side Dishes","Side Salad",3.0,3,9,2022-10-04,"CREDIT CARD"
ORD_207478,CUST_072,"Side Dishes","Side Salad",3.0,3,9,2023-01-10,"DIGITAL WALLET"
ORD_434991,CUST_001,"Main Dishes",Steak,20.0,4,80,2022-11-24,"DIGITAL WALLET"
ORD_495569,CUST_019,Starters,"French Fries",4.0,5,20,2022-12-22,"DIGITAL WALLET"
ORD_861176,CUST_090,"Main Dishes","Pasta Alfredo",12.0,1,12,2022-09-04,"DIGITAL WALLET"
ORD_246177,CUST_078,Starters,"Cheese Fries",5.0,5,25,2022-05-03,CASH
ORD_771171,CUST_053,Starters,"Unknown Starter",5.7947019867549665,5,50,2023-06-17,CASH
ORD_766062,CUST_074,"Main Dishes",Salmon,18.0,2,36,2023-03-21,"DIGITAL WALLET"
ORD_594138,CUST_041,Desserts,Brownie,6.0,2,12,2023-04-02,CASH
ORD_531195,CUST_076,Drinks,"Coca Cola",2.5,3,7.5,2023-12-21,CASH
ORD_448751,CUST_068,"Main Dishes","Pasta Alfredo",12.0,1,12,2022-05-25,CASH
ORD_262865,CUST_018,Starters,"Chicken Melt",8.0,3,24,2022-03-19,CASH
ORD_494912,CUST_006,Drinks,Water,1.0,1,1,2022-07-06,"CREDIT CARD"
ORD_932960,CUST_006,Starters,"French Fries",4.0,4,16,2022-05-23,"DIGITAL WALLET"
ORD_714505,CUST_062,Starters,"Chicken Melt",8.0,5,40,2022-06-08,"DIGITAL WALLET"
ORD_553463,CUST_033,"Side Dishes","Garlic Bread",4.0,1,4,2022-07-20,"DIGITAL WALLET"
ORD_603256,CUST_043,"Main Dishes","Grilled Chicken",15.0,3,45,2022-09-19,"CREDIT CARD"
ORD_703988,CUST_090,"Side Dishes","Unknown Side Dish",5.0,3,15,2022-10-21,CASH
ORD_272248,CUST_090,Drinks,"Orange Juice",3.0,2,6,2023-06-04,CASH
ORD_205831,CUST_065,"Side Dishes","Onion Rings",5.0,1,5,2023-08-12,"DIGITAL WALLET"
ORD_759896,CUST_079,Desserts,"Chocolate Cake",6.0,1,6,2023-01-30,CASH
ORD_759159,CUST_011,"Main Dishes","Grilled Chicken",15.0,1,15,2023-10-17,CASH
ORD_717424,CUST_031,Drinks,Water,1.0,5,5,2022-05-02,"DIGITAL WALLET"
ORD_432130,CUST_030,"Main Dishes",Steak,20.0,1,20,2023-09-08,"CREDIT CARD"
ORD_637467,CUST_065,"Main Dishes","Grilled Chicken",15.0,2,30,2023-04-11,"CREDIT CARD"
ORD_442504,CUST_060,Drinks,"Unknown Drink",1.0,5,5,2022-05-21,"CREDIT CARD"
ORD_247679,CUST_077,"Side Dishes","Grilled Vegetables",5.0,2,10,2022-01-26,"CREDIT CARD"
ORD_191545,CUST_085,Desserts,"Fruit Salad",4.0,2,8,2023-10-19,"DIGITAL WALLET"
ORD_866465,CUST_020,Drinks,"Coca Cola",2.5,3,7.5,2022-04-02,"CREDIT CARD"
ORD_848530,CUST_023,"Main Dishes",Salmon,18.0,4,72,2022-02-16,CASH
ORD_210111,CUST_040,Starters,"Cheese Fries",5.0,2,10,2023-01-04,CASH
ORD_151634,CUST_078,"Main Dishes","Pasta Alfredo",12.0,5,60,2023-02-04,"DIGITAL WALLET"
ORD_848768,CUST_040,Drinks,Water,1.0,2,2,2023-12-27,"CREDIT CARD"
ORD_661408,CUST_003,"Main Dishes","Vegetarian Platter",14.0,3,42,2022-05-28,"DIGITAL WALLET"
ORD_945683,CUST_003,"Side Dishes","Unknown Side Dish",4.0,5,20,2022-07-11,"CREDIT CARD"
ORD_606687,CUST_084,Starters,"Cheese Fries",5.0,1,5,2023-01-03,"DIGITAL WALLET"
ORD_479258,CUST_054,Drinks,"Unknown Drink",2.169230769230769,5,12.5,2023-05-09,CASH
ORD_855122,CUST_011,"Side Dishes","Side Salad",3.0,4,12,2022-05-13,"CREDIT CARD"
ORD_925797,CUST_048,Desserts,Cheesecake,7.0,3,21,2022-08-22,CASH
ORD_919076,CUST_004,"Main Dishes","Unknown Main Dish",15.0,5,75,2023-03-17,Unknown
ORD_830635,CUST_038,Drinks,Water,1.0,2,2,2022-02-10,"DIGITAL WALLET"
ORD_600676,CUST_036,Starters,"Beef Chili",7.0,5,35,2023-11-10,"CREDIT CARD"
ORD_312988,CUST_078,Starters,"Beef Chili",7.0,4,28,2022-03-15,"DIGITAL WALLET"
ORD_762577,CUST_085,"Main Dishes","Pasta Alfredo",12.0,5,60,2023-08-28,CASH
ORD_401944,CUST_057,"Side Dishes","Garlic Bread",4.0,2,8,2023-11-25,"CREDIT CARD"
ORD_824150,CUST_011,"Main Dishes","Grilled Chicken",15.0,4,60,2022-06-28,"DIGITAL WALLET"
ORD_896487,CUST_083,Starters,"French Fries",4.0,2,8,2022-09-10,CASH
ORD_594270,CUST_091,Drinks,"Iced Tea",2.5,1,2.5,2022-09-04,CASH
ORD_135845,CUST_069,Starters,"Cheese Fries",5.0,4,20,2022-05-16,CASH
ORD_335927,CUST_069,Drinks,"Coca Cola",2.5,2,5,2022-10-29,CASH
ORD_929812,CUST_089,Starters,"Sweet Potato Fries",5.0,4,20,2023-07-04,"DIGITAL WALLET"
ORD_949080,CUST_053,"Side Dishes","Onion Rings",5.0,1,5,2022-10-09,CASH
ORD_601353,CUST_028,"Side Dishes","Grilled Vegetables",5.0,5,25,2023-06-19,"DIGITAL WALLET"
ORD_973577,CUST_089,"Main Dishes","Pasta Alfredo",12.0,5,60,2022-11-13,"CREDIT CARD"
ORD_641801,CUST_094,Starters,"Chicken Melt",8.0,1,8,2023-09-25,"CREDIT CARD"
ORD_623695,CUST_003,Desserts,"Ice Cream",5.0,3,15,2022-12-16,"DIGITAL WALLET"
ORD_197804,CUST_049,"Main Dishes","Grilled Chicken",15.0,3,45,2022-03-31,CASH
ORD_902811,CUST_040,"Main Dishes","Grilled Chicken",15.0,5,75,2023-02-27,"CREDIT CARD"
ORD_559924,CUST_052,"Main Dishes","Pasta Alfredo",12.0,4,48,2023-07-01,"DIGITAL WALLET"
ORD_534312,CUST_054,"Side Dishes","Onion Rings",5.0,2,10,2023-04-19,CASH
ORD_608650,CUST_040,Drinks,"Unknown Drink",1.0,1,1,2022-01-31,CASH
ORD_387885,CUST_057,Drinks,Lemonade,3.0,1,3,2022-10-18,CASH
ORD_782228,CUST_020,Desserts,"Chocolate Cake",6.0,5,30,2023-10-10,CASH
ORD_275795,CUST_029,Desserts,"Unknown Dessert",5.0,3,15,2023-03-30,CASH
ORD_477169,CUST_090,"Side Dishes","Unknown Side Dish",3.0,3,9,2022-11-03,"DIGITAL WALLET"
ORD_852617,CUST_039,Desserts,"Chocolate Cake",6.0,1,6,2023-01-01,CASH
ORD_462529,CUST_001,"Side Dishes","Side Salad",3.0,2,6,2023-06-09,"DIGITAL WALLET"
ORD_703099,CUST_093,Desserts,"Ice Cream",5.0,4,20,2023-04-01,"DIGITAL WALLET"
ORD_302130,CUST_061,"Side Dishes","Mashed Potatoes",4.0,2,8,2023-04-01,CASH
ORD_688478,CUST_013,Drinks,"Coca Cola",2.5,2,5,2023-04-23,CASH
ORD_385711,CUST_089,Starters,"Beef Chili",7.0,4,28,2023-10-27,"CREDIT CARD"
ORD_552928,CUST_009,"Main Dishes","Grilled Chicken",15.0,4,60,2022-04-04,CASH
ORD_536564,CUST_001,Desserts,"Unknown Dessert",6.0,3,18,2023-01-31,CASH
ORD_392543,CUST_048,Drinks,Water,1.0,5,5,2022-05-28,"DIGITAL WALLET"
ORD_259684,CUST_073,"Main Dishes","Pasta Alfredo",12.0,3,36,2022-08-05,"DIGITAL WALLET"
ORD_302860,CUST_089,"Main Dishes","Pasta Alfredo",12.0,4,48,2023-09-24,"DIGITAL WALLET"
ORD_299723,CUST_064,Drinks,"Orange Juice",3.0,1,3,2023-12-05,"DIGITAL WALLET"
ORD_692419,CUST_024,"Side Dishes","Onion Rings",5.0,3,15,2023-05-23,"CREDIT CARD"
ORD_193271,CUST_032,Starters,"Chicken Melt",8.0,3,24,2023-07-11,"DIGITAL WALLET"
ORD_258169,CUST_056,"Side Dishes","Side Salad",3.0,1,3,2023-04-04,"DIGITAL WALLET"
ORD_210496,CUST_011,"Side Dishes","Unknown Side Dish",3.0,3,9,2022-06-22,CASH
ORD_918839,CUST_099,"Main Dishes","Grilled Chicken",15.0,1,15,2022-09-02,"DIGITAL WALLET"
ORD_917039,CUST_094,Drinks,Lemonade,3.0,2,6,2022-04-25,"CREDIT CARD"
ORD_587117,CUST_077,"Main Dishes","Grilled Chicken",15.0,1,15,2022-06-28,CASH
ORD_571418,CUST_084,"Main Dishes","Pasta Alfredo",12.0,1,12,2023-11-22,CASH
ORD_128669,CUST_094,"Side Dishes","Mashed Potatoes",4.0,4,16,2023-04-01,"DIGITAL WALLET"
ORD_154660,CUST_023,"Side Dishes","Side Salad",3.0,1,3,2023-08-09,"DIGITAL WALLET"
ORD_438438,CUST_020,Drinks,"Unknown Drink",3.0,2,6,2023-08-11,Unknown
ORD_628240,CUST_053,"Side Dishes","Grilled Vegetables",5.0,1,5,2023-03-26,"CREDIT CARD"
ORD_996937,CUST_096,Desserts,"Ice Cream",5.0,5,25,2022-01-25,"CREDIT CARD"
ORD_414244,CUST_039,"Side Dishes","Mashed Potatoes",4.0,2,8,2022-02-10,"CREDIT CARD"
ORD_286258,CUST_100,"Side Dishes","Garlic Bread",4.0,4,16,2023-04-20,"CREDIT CARD"
ORD_235556,CUST_096,Desserts,"Chocolate Cake",6.0,5,30,2022-11-28,Unknown
ORD_239415,CUST_028,"Main Dishes","Unknown Main Dish",14.883720930232558,2,24,2023-10-17,Unknown
ORD_921196,CUST_060,"Main Dishes",Steak,20.0,3,60,2023-08-05,CASH
ORD_162403,CUST_008,"Side Dishes","Grilled Vegetables",5.0,5,25,2023-01-03,"CREDIT CARD"
ORD_639121,CUST_043,Drinks,"Coca Cola",2.5,5,12.5,2023-11-22,CASH
ORD_727547,CUST_087,Starters,"Beef Chili",7.0,2,14,2023-04-13,"CREDIT CARD"
ORD_213232,CUST_041,Drinks,"Orange Juice",3.0,1,3,2023-03-04,CASH
ORD_589005,CUST_070,Drinks,Water,1.0,3,3,2022-12-15,CASH
ORD_400768,CUST_006,Starters,"French Fries",4.0,4,16,2022-03-29,"CREDIT CARD"
ORD_424408,CUST_084,Drinks,"Orange Juice",3.0,5,15,2023-07-10,"DIGITAL WALLET"
ORD_992347,CUST_092,Starters,"Cheese Fries",5.0,5,25,2023-10-12,CASH
ORD_746039,CUST_074,Desserts,"Ice Cream",5.0,2,10,2022-07-09,"DIGITAL WALLET"
ORD_645083,CUST_096,Starters,"Cheese Fries",5.0,1,5,2022-11-28,"CREDIT CARD"
ORD_866951,CUST_017,Desserts,"Fruit Salad",4.0,5,20,2022-02-23,"CREDIT CARD"
ORD_111125,CUST_058,Desserts,"Unknown Dessert",4.0,4,16,2022-05-03,CASH
ORD_701651,CUST_013,Drinks,Lemonade,3.0,4,12,2022-10-04,CASH
ORD_837718,CUST_071,"Main Dishes",Steak,20.0,4,80,2022-03-04,"DIGITAL WALLET"
ORD_753311,CUST_088,Desserts,"Ice Cream",5.0,2,10,2023-03-23,"CREDIT CARD"
ORD_103074,CUST_071,"Main Dishes","Pasta Alfredo",12.0,5,60,2023-07-27,"DIGITAL WALLET"
ORD_695904,CUST_076,Starters,"Nachos Grande",10.0,4,40,2023-06-26,"DIGITAL WALLET"
ORD_727386,CUST_030,"Side Dishes","Garlic Bread",4.0,5,20,2022-07-03,"CREDIT CARD"
ORD_109414,CUST_017,"Main Dishes","Vegetarian Platter",14.0,2,28,2022-10-04,Unknown
ORD_652436,CUST_083,"Side Dishes","Side Salad",3.0,5,15,2023-09-12,CASH
ORD_192774,CUST_084,"Side Dishes","Grilled Vegetables",5.0,2,10,2023-08-18,"CREDIT CARD"
ORD_763577,CUST_100,Drinks,Lemonade,3.0,2,6,2023-12-11,CASH
ORD_396677,CUST_057,Desserts,"Unknown Dessert",6.0,1,6,2023-08-31,Unknown
ORD_914598,CUST_040,Starters,"Cheese Fries",5.0,2,10,2022-01-07,CASH
ORD_686123,CUST_071,Desserts,"Chocolate Cake",6.0,5,30,2022-02-25,"CREDIT CARD"
ORD_963167,CUST_060,"Main Dishes","Grilled Chicken",15.0,5,75,2023-12-23,CASH
ORD_909783,CUST_093,Starters,"Sweet Potato Fries",5.0,1,5,2022-11-14,"CREDIT CARD"
ORD_394259,CUST_043,Drinks,"Coca Cola",2.5,2,5,2022-05-08,"DIGITAL WALLET"
ORD_792482,CUST_067,Drinks,"Orange Juice",3.0,1,3,2022-05-25,"CREDIT CARD"
ORD_825065,CUST_045,Desserts,"Ice Cream",5.0,2,10,2023-12-12,CASH
ORD_705687,CUST_011,Drinks,Water,1.0,5,5,2023-05-07,"CREDIT CARD"
ORD_358131,CUST_057,"Side Dishes","Grilled Vegetables",5.0,2,10,2022-04-04,Unknown
ORD_572144,CUST_090,Desserts,"Chocolate Cake",6.0,3,18,2023-05-19,CASH
ORD_938512,CUST_081,"Side Dishes","Mashed Potatoes",4.0,3,12,2023-07-27,"DIGITAL WALLET"
ORD_354992,CUST_013,Desserts,Brownie,6.0,1,6,2022-08-04,"CREDIT CARD"
ORD_663380,CUST_058,Desserts,Brownie,6.0,2,12,2023-09-05,CASH
ORD_802737,CUST_018,Starters,"French Fries",4.0,4,16,2023-05-28,CASH
ORD_370784,CUST_092,Desserts,"Chocolate Cake",6.0,5,30,2022-03-02,"DIGITAL WALLET"
ORD_534254,CUST_008,"Main Dishes","Pasta Alfredo",12.0,2,24,2023-08-30,"CREDIT CARD"
ORD_485095,CUST_040,"Side Dishes","Garlic Bread",4.0,5,20,2022-05-10,"DIGITAL WALLET"
ORD_797247,CUST_015,Desserts,"Ice Cream",5.0,5,25,2023-10-26,"DIGITAL WALLET"
ORD_169510,CUST_021,Drinks,"Orange Juice",3.0,1,3,2023-02-23,CASH
ORD_389329,CUST_033,Starters,"French Fries",4.0,4,16,2022-10-21,"DIGITAL WALLET"
ORD_292885,CUST_070,"Main Dishes","Grilled Chicken",15.0,4,60,2022-04-05,"DIGITAL WALLET"
ORD_341102,CUST_043,Desserts,"Ice Cream",5.0,3,15,2022-01-12,CASH
ORD_971880,CUST_004,Drinks,Lemonade,3.0,3,9,2023-12-17,"DIGITAL WALLET"
ORD_166911,CUST_035,"Side Dishes","Onion Rings",5.0,5,25,2023-08-14,"DIGITAL WALLET"
ORD_293154,CUST_038,Desserts,"Ice Cream",5.0,5,25,2023-03-08,"CREDIT CARD"
ORD_612634,CUST_050,Desserts,Cheesecake,7.0,2,14,2022-01-03,"CREDIT CARD"
ORD_593761,CUST_084,Desserts,"Chocolate Cake",6.0,1,6,2023-04-21,CASH
ORD_133347,CUST_017,Drinks,"Orange Juice",3.0,5,15,2022-04-04,CASH
ORD_698867,CUST_081,Desserts,"Chocolate Cake",6.0,3,18,2023-03-12,"CREDIT CARD"
ORD_714914,CUST_062,Drinks,Water,1.0,1,1,2023-01-14,"DIGITAL WALLET"
ORD_235995,CUST_074,Starters,"Unknown Starter",5.0,2,10,2022-03-18,"CREDIT CARD"
ORD_546376,CUST_089,Desserts,"Unknown Dessert",7.0,4,28,2023-11-29,CASH
ORD_317927,CUST_026,"Side Dishes","Unknown Side Dish",4.048648648648649,4,12,2022-07-23,"DIGITAL WALLET"
ORD_221257,CUST_047,Desserts,"Chocolate Cake",6.0,4,24,2023-08-28,"DIGITAL WALLET"
ORD_265758,CUST_073,Drinks,Lemonade,3.0,1,3,2022-04-17,"DIGITAL WALLET"
ORD_918599,CUST_087,Starters,"Sweet Potato Fries",5.0,3,15,2022-05-27,"CREDIT CARD"
ORD_287784,CUST_008,Drinks,"Iced Tea",2.5,5,12.5,2023-11-16,"DIGITAL WALLET"
ORD_376859,CUST_030,Starters,"Unknown Starter",5.7947019867549665,2,10,2023-05-25,"CREDIT CARD"
ORD_917138,CUST_091,"Main Dishes","Pasta Alfredo",12.0,4,48,2023-05-01,CASH
ORD_615585,CUST_010,"Main Dishes","Pasta Alfredo",12.0,3,36,2022-07-30,"DIGITAL WALLET"
ORD_103188,CUST_024,"Main Dishes",Steak,20.0,3,60,2022-08-08,"DIGITAL WALLET"
ORD_788360,CUST_032,Desserts,"Ice Cream",5.0,4,20,2023-07-14,"DIGITAL WALLET"
ORD_416348,CUST_100,Desserts,"Chocolate Cake",6.0,1,6,2022-10-20,CASH
